connectomeId,numOfEdges,edgeTypeName,neuronReceiver,neuronSender
1,1,syn,I1L,I3
2,1,syn,I1R,I3
3,1,syn,I6,I3
4,1,syn,I6,I2L
5,1,syn,I6,I2R
6,1,syn,I6,NSML
7,1,syn,I6,NSMR
8,1,syn,M1,I3
9,1,syn,M1,I2L
10,1,syn,M1,I2R
11,1,syn,M1,I5
12,1,syn,M1,I1L
13,1,syn,M1,I1R
14,1,syn,M1,M5
15,1,syn,M1,MI
16,1,syn,M1,I4
17,1,syn,M1,M4
18,1,syn,M2L,I3
19,1,syn,M2L,I1L
20,1,syn,M2L,I1R
21,1,syn,M2L,MI
22,3,syn,ADFL,ASHL
23,9,syn,ADFL,AWBL
24,1,syn,M2R,I3
25,1,syn,M2R,I1L
26,1,syn,M2R,I1R
27,1,syn,M2R,MI
28,1,syn,ADFR,AIYR
29,1,syn,ADFR,ASEL
30,2,syn,ADFR,ASHR
31,3,syn,ADFR,AVHL
32,3,syn,ADFR,AWAR
33,4,syn,ADFR,AWBR
34,1,syn,ADFR,PVPR
35,1,syn,ADFR,RIH
36,1,syn,M3L,I3
37,1,syn,M3L,M1
38,1,syn,M3L,I5
39,1,syn,M3L,I1L
40,1,syn,M3L,I1R
41,1,syn,M3L,MI
42,1,syn,M3L,NSML
43,1,syn,M3L,NSMR
44,1,syn,M3L,I4
45,1,syn,M3L,I6
46,1,syn,ADLL,AVHR
47,1,syn,ADLL,CEPVL
48,1,syn,ADLL,SDQR
49,1,syn,M3R,I3
50,1,syn,M3R,M1
51,1,syn,M3R,I5
52,1,syn,M3R,I1L
53,1,syn,M3R,I1R
54,1,syn,M3R,MI
55,1,syn,M3R,NSML
56,1,syn,M3R,NSMR
57,1,syn,M3R,I4
58,1,syn,M3R,I6
59,2,syn,ADLR,AIAR
60,2,syn,ADLR,AVHR
61,1,syn,M4,I3
62,1,syn,M4,I5
63,1,syn,M4,NSML
64,1,syn,M4,NSMR
65,1,syn,M4,I6
66,4,syn,AFDL,AINR
67,2,syn,AFDL,ASER
68,5,syn,AFDL,AWAL
69,1,syn,MCL,I3
70,1,syn,MCL,M1
71,1,syn,MCL,I2L
72,1,syn,MCL,I2R
73,1,syn,MCL,I1L
74,1,syn,MCL,I1R
75,5,syn,AFDR,AINL
76,1,syn,AFDR,AINR
77,2,syn,AFDR,ASER
78,7,syn,AFDR,AWAR
79,1,syn,AFDR,RIR
80,1,syn,MCR,I3
81,1,syn,MCR,M1
82,1,syn,MCR,I1L
83,1,syn,MCR,I1R
84,1,syn,NSML,I3
85,1,syn,NSML,I2L
86,1,syn,NSML,I2R
87,1,syn,NSML,I5
88,1,syn,NSML,I1L
89,1,syn,NSML,I1R
90,1,syn,NSML,I4
91,1,syn,NSML,I6
92,1,syn,NSMR,I3
93,1,syn,NSMR,I2L
94,1,syn,NSMR,I2R
95,1,syn,NSMR,I5
96,1,syn,NSMR,I1L
97,1,syn,NSMR,I1R
98,1,syn,NSMR,I4
99,1,syn,NSMR,I6
100,1,syn,IL1L,ADEL
101,1,syn,IL1L,IL1VL
102,1,syn,IL1L,IL2L
103,1,syn,IL1L,URBL
104,2,syn,IL2L,ADEL
105,1,syn,IL2L,IL2VL
106,2,syn,IL2L,RIH
107,2,syn,OLLL,ADEL
108,2,syn,OLLL,CEPDL
109,4,syn,OLLL,CEPVL
110,1,syn,OLLL,SAADR
111,1,syn,CEPDL,ADEL
112,3,syn,CEPDL,ALML
113,3,syn,CEPDL,OLLL
114,1,syn,CEPDL,RIH
115,1,syn,CEPDL,RMGL
116,1,syn,CEPDL,URBL
117,2,syn,OLLR,ADER
118,1,syn,OLLR,ADLR
119,8,syn,OLLR,CEPDR
120,7,syn,OLLR,CEPVR
121,2,syn,OLLR,IL2R
122,1,syn,OLLR,RIS
123,2,syn,OLLR,RMDL
124,1,syn,OLLR,SAAVL
125,1,syn,OLLR,VC05
126,1,syn,CEPDR,ADER
127,1,syn,CEPDR,ALMR
128,1,syn,CEPDR,IL2DR
129,2,syn,CEPDR,OLLR
130,1,syn,CEPDR,RIH
131,1,syn,CEPDR,RIS
132,1,syn,CEPDR,URBR
133,1,syn,OLQVL,ADFL
134,1,syn,OLQVL,ADLL
135,6,syn,OLQVL,CEPVL
136,1,syn,OLQVL,IL2VL
137,8,syn,OLQVL,IL2L
138,1,syn,OLQVL,RIH
139,1,syn,ASHR,ADFR
140,3,syn,ASHR,ADLR
141,1,syn,ASHR,ASIR
142,2,syn,ASHR,AWBR
143,2,syn,ASHR,HSNL
144,1,syn,ASHR,PVPR
145,2,syn,ASHR,RIFR
146,1,syn,ASHR,RMGR
147,1,syn,AWBR,ADFR
148,1,syn,AWBR,AVHL
149,1,syn,AWBR,AWAR
150,2,syn,AWBR,HSNL
151,1,syn,AWBR,RIR
152,3,syn,ASER,ADLL
153,1,syn,ASER,ADLR
154,1,syn,ASER,AFDR
155,3,syn,ASER,AIAL
156,1,syn,ASER,AIAR
157,1,syn,ASER,AIBL
158,2,syn,ASER,AINR
159,1,syn,ASER,ASIL
160,2,syn,ASER,AWAR
161,1,syn,ASER,PVQR
162,2,syn,ASHL,ADLL
163,1,syn,ASHL,AIAL
164,1,syn,ASHL,HSNL
165,2,syn,ASHL,HSNR
166,1,syn,ASHL,RMGL
167,1,syn,ASHL,URXL
168,2,syn,AWBL,ADLL
169,1,syn,AWBL,AWAL
170,2,syn,AWBL,HSNL
171,1,syn,AWBL,HSNR
172,3,syn,AWCR,ADLR
173,1,syn,AWCR,AIAL
174,3,syn,AWCR,AIAR
175,1,syn,AWCR,AIYL
176,1,syn,AWCR,ASEL
177,1,syn,AWCR,ASER
178,2,syn,AWCR,ASIL
179,2,syn,AWCR,ASIR
180,1,syn,AWCR,AWCL
181,1,syn,ASGL,AIAL
182,2,syn,ASGL,AIML
183,1,syn,ASGL,AWAL
184,3,syn,ASKL,AIAL
185,2,syn,ASKL,AIML
186,1,syn,ASKL,ASGL
187,1,syn,ASKL,ASHL
188,2,syn,ASKL,ASIL
189,4,syn,ASKL,ASJL
190,1,syn,ASKL,AVFR
191,1,syn,ASKL,HSNL
192,4,syn,ASKL,PVQL
193,2,syn,ASGR,AIAR
194,2,syn,ASGR,AIMR
195,1,syn,ASGR,AINL
196,1,syn,ASGR,AWBR
197,1,syn,ASGR,AWCR
198,1,syn,ASGR,CEPVR
199,1,syn,AWAR,AIAR
200,1,syn,AWAR,AIYR
201,1,syn,AWAR,ASER
202,1,syn,AWAR,ASKR
203,2,syn,AWAR,PVQR
204,3,syn,ASEL,AINL
205,1,syn,ASEL,AINR
206,1,syn,ASEL,AIZL
207,2,syn,ASEL,ASIR
208,4,syn,ASEL,AWAL
209,1,syn,ASEL,AWAR
210,1,syn,ASEL,AWCL
211,1,syn,ASEL,AWCR
212,1,syn,AWCL,AIAR
213,1,syn,AWCL,AIYL
214,4,syn,AWCL,ASEL
215,1,syn,AWCL,ASER
216,2,syn,AWCL,ASIL
217,1,syn,AWCL,ASIR
218,5,syn,AWCL,AWCR
219,1,syn,I2L,M1
220,1,syn,I2R,M1
221,1,syn,I3,M1
222,1,syn,I4,M1
223,1,syn,I4,I2L
224,1,syn,I4,I2R
225,1,syn,I4,I5
226,1,syn,I5,M1
227,1,syn,I5,I1L
228,1,syn,I5,I1R
229,1,syn,I5,M5
230,1,syn,I5,MI
231,1,syn,ASJL,AVFR
232,1,syn,ASJL,PVQL
233,2,syn,ASJR,AIMR
234,1,syn,ASJR,HSNL
235,1,syn,M5,M1
236,1,syn,M5,I5
237,3,syn,ASKR,AIMR
238,4,syn,ASKR,ASJR
239,4,syn,ASKR,PVQR
240,1,syn,OLQDR,AIMR
241,5,syn,OLQDR,CEPDR
242,2,syn,OLQDR,IL2R
243,2,syn,OLQDR,RIH
244,1,syn,OLQDR,RIPL
245,1,syn,OLQDR,RIPR
246,3,syn,AWAL,AIYL
247,2,syn,CEPVL,ALML
248,4,syn,CEPVL,OLLL
249,1,syn,CEPVL,RIAL
250,1,syn,CEPVL,RIH
251,2,syn,CEPVL,RIS
252,1,syn,CEPVR,ALMR
253,1,syn,CEPVR,ASKR
254,6,syn,CEPVR,OLLR
255,1,syn,CEPVR,RIAR
256,2,syn,CEPVR,RIH
257,1,syn,CEPVR,RIS
258,4,syn,IL1DL,CEPDL
259,1,syn,IL1DL,IL1L
260,7,syn,IL1DL,IL2DL
261,1,syn,IL1DL,PVR
262,2,syn,IL1DL,URADL
263,5,syn,IL1DR,CEPDR
264,1,syn,IL1DR,IL1R
265,7,syn,IL1DR,IL2DR
266,2,syn,IL1DR,OLLR
267,1,syn,IL1DR,PVR
268,1,syn,IL1DR,URADR
269,2,syn,IL1VL,CEPVL
270,7,syn,IL1VL,IL2VL
271,2,syn,IL1VL,OLLL
272,2,syn,IL1VL,OLQVL
273,1,syn,IL1VL,PVR
274,1,syn,IL1VL,URYVL
275,2,syn,IL1VR,CEPVR
276,6,syn,IL1VR,IL2VR
277,1,syn,IL1VR,OLLR
278,1,syn,IL1VR,OLQVR
279,1,syn,IL1VR,PVR
280,1,syn,IL1VR,URYVR
281,1,syn,IL1R,CEPDR
282,1,syn,IL1R,IL1VR
283,1,syn,IL1R,IL2R
284,1,syn,IL1R,RIAR
285,1,syn,IL1R,URAVR
286,3,syn,IL1R,URBR
287,1,syn,IL2VL,OLQVL
288,2,syn,IL2VR,CEPVR
289,1,syn,IL2VR,IL1VR
290,1,syn,IL2R,OLLR
291,1,syn,IL2R,RIH
292,1,syn,IL2R,URBR
293,6,syn,OLQDL,CEPDL
294,2,syn,OLQDL,IL2DL
295,5,syn,OLQDL,IL2L
296,4,syn,OLQDL,RIH
297,1,syn,OLQDL,RIPL
298,1,syn,OLQDL,RIPR
299,3,syn,OLQVR,CEPVR
300,2,syn,OLQVR,IL2VR
301,7,syn,OLQVR,IL2R
302,6,syn,OLQVR,RIH
303,1,syn,OLQVR,URXR
304,1,syn,ALML,AIML
305,2,syn,ALML,RIFL
306,1,syn,ALML,RMGL
307,1,syn,ALML,SDQL
308,1,syn,ALMR,BDUR
309,1,syn,AVM,PVM
310,1,syn,AVM,AVKL
311,2,syn,PVM,PDEL
312,1,syn,PVM,AVKL
313,2,syn,PLMR,AVJL
314,1,syn,ALNL,RIGL
315,1,syn,ALNL,RMGL
316,1,syn,ALNL,SAAVL
317,1,syn,ALNR,RIGR
318,1,syn,ALNR,RMGR
319,1,syn,PLNL,SMBVL
320,2,syn,FLPL,FLPR
321,2,syn,FLPL,ADEL
322,1,syn,FLPL,ADER
323,1,syn,FLPL,AIBL
324,1,syn,FLPL,SDQL
325,1,syn,FLPL,PVCR
326,1,syn,FLPR,FLPL
327,1,syn,FLPR,ADER
328,1,syn,FLPR,ADAL
329,1,syn,PVDL,PVDR
330,1,syn,PVDL,PVCR
331,2,syn,BAGL,AQR
332,3,syn,BAGL,AINL
333,2,syn,BAGL,RIBR
334,1,syn,BAGR,IL2VL
335,1,syn,BAGR,BAGL
336,2,syn,BAGR,AQR
337,3,syn,BAGR,AINR
338,1,syn,BAGR,RIBL
339,1,syn,BAGR,RIGL
340,1,syn,BAGR,RIH
341,1,syn,BAGR,RIR
342,2,syn,URXL,IL2L
343,1,syn,URXL,AQR
344,5,syn,URXL,RIR
345,1,syn,URXL,RMGL
346,4,syn,URXL,URBL
347,1,syn,URXR,ADFR
348,2,syn,URXR,IL1R
349,1,syn,URXR,IL2VR
350,1,syn,URXR,AUAR
351,2,syn,URXR,RIR
352,1,syn,URXR,RMGR
353,6,syn,URXR,URBR
354,1,syn,URYDL,IL1DL
355,1,syn,URYDL,OLLL
356,2,syn,URYDL,CEPDL
357,1,syn,URYDL,RMDDR
358,1,syn,URYDR,CEPDR
359,1,syn,URYDR,URADR
360,1,syn,URYVL,IL1VL
361,1,syn,URYVR,RIH
362,1,syn,URYVR,RIS
363,2,syn,AQR,AVHR
364,4,syn,AQR,DVA
365,1,syn,AQR,PVPL
366,2,syn,AQR,PVPR
367,1,syn,AQR,PVCR
368,1,syn,PQR,PVNL
369,2,syn,PQR,PVNR
370,1,syn,PQR,AVDR
371,1,syn,PQR,LUAR
372,5,syn,AUAL,ADFL
373,1,syn,AUAL,IL2DL
374,5,syn,AUAL,URXL
375,1,syn,AUAL,RIBL
376,1,syn,AUAL,RIR
377,1,syn,AUAL,DVA
378,4,syn,AUAR,ADFR
379,1,syn,AUAR,AWAR
380,4,syn,AUAR,URXR
381,1,syn,AUAR,AINL
382,1,syn,AUAR,AINR
383,1,syn,AUAR,RIH
384,1,syn,AUAR,DVA
385,2,syn,ADEL,IL2L
386,2,syn,ADEL,FLPL
387,2,syn,ADEL,ADER
388,1,syn,ADEL,ALA
389,3,syn,ADEL,BDUL
390,2,syn,ADER,IL2R
391,2,syn,ADER,AVM
392,1,syn,ADER,ALNR
393,2,syn,ADER,FLPL
394,2,syn,ADER,FLPR
395,1,syn,ADER,ADEL
396,1,syn,ADER,BDUR
397,1,syn,ADER,AVAR
398,7,syn,PDEL,PVM
399,2,syn,PDEL,PLMR
400,3,syn,PDEL,AVKL
401,3,syn,PDEL,DVA
402,1,syn,PDEL,PVR
403,1,syn,PDEL,PVCR
404,1,syn,PDEL,AVAR
405,8,syn,PDER,PVM
406,3,syn,PDER,PLMR
407,1,syn,PDER,PDEL
408,1,syn,PDER,AVFL
409,1,syn,PDER,AVKL
410,1,syn,PDER,PVR
411,1,syn,PDER,AVAR
412,6,syn,PHAL,PHAR
413,2,syn,PHAL,AVG
414,5,syn,PHAR,PHAL
415,5,syn,PHBL,PHAL
416,1,syn,PHBL,PHAR
417,1,syn,PHBL,PHBR
418,1,syn,PHBL,LUAL
419,5,syn,PHBR,PHAL
420,5,syn,PHBR,PHAR
421,1,syn,PHBR,PHBL
422,1,syn,PHCL,PHCR
423,1,syn,PHCL,DVB
424,6,syn,AIAL,ADLL
425,3,syn,AIAL,ASEL
426,2,syn,AIAL,ASER
427,9,syn,AIAL,ASGL
428,7,syn,AIAL,ASHL
429,1,syn,AIAL,ASIR
430,11,syn,AIAL,ASKL
431,2,syn,AIAL,AWCL
432,3,syn,AIAL,AIZL
433,5,syn,AIAL,AIML
434,2,syn,AIAL,AINR
435,6,syn,AIAL,PVQL
436,1,syn,AIAL,HSNL
437,10,syn,AIAR,ADLR
438,3,syn,AIAR,ASER
439,10,syn,AIAR,ASGR
440,10,syn,AIAR,ASHR
441,3,syn,AIAR,ASIR
442,11,syn,AIAR,ASKR
443,4,syn,AIAR,AWCL
444,2,syn,AIAR,AWCR
445,1,syn,AIAR,AIZR
446,5,syn,AIAR,AIMR
447,7,syn,AIAR,PVQR
448,7,syn,AIBL,ADLL
449,7,syn,AIBL,ASEL
450,2,syn,AIBL,ASER
451,3,syn,AIBL,ASGL
452,5,syn,AIBL,ASHL
453,1,syn,AIBL,ASIL
454,2,syn,AIBL,ASKL
455,2,syn,AIBL,AWCL
456,2,syn,AIBL,FLPL
457,1,syn,AIBL,BAGL
458,10,syn,AIBL,AIAL
459,4,syn,AIBL,AIZL
460,8,syn,AIBL,AIZR
461,1,syn,AIBL,ADAL
462,1,syn,AIBL,ADAR
463,2,syn,AIBL,AINR
464,2,syn,AIBL,RIBR
465,2,syn,AIBL,SDQR
466,1,syn,AIBL,DVC
467,2,syn,AIBL,PVT
468,1,syn,AIBL,SAADL
469,1,syn,AIBL,SAAVL
470,4,syn,AIBL,RIMR
471,1,syn,AIBL,HSNR
472,1,syn,AIBR,ADLL
473,10,syn,AIBR,ADLR
474,4,syn,AIBR,ASEL
475,10,syn,AIBR,ASER
476,2,syn,AIBR,ASGR
477,3,syn,AIBR,ASHR
478,1,syn,AIBR,ASIR
479,1,syn,AIBR,AWBL
480,1,syn,AIBR,AWCL
481,4,syn,AIBR,AWCR
482,2,syn,AIBR,FLPL
483,1,syn,AIBR,FLPR
484,14,syn,AIBR,AIAR
485,8,syn,AIBR,AIZL
486,1,syn,AIBR,AIZR
487,2,syn,AIBR,ADAL
488,1,syn,AIBR,ADAR
489,2,syn,AIBR,RIBL
490,1,syn,AIBR,RMGL
491,1,syn,AIBR,SDQL
492,3,syn,AIBR,DVC
493,4,syn,AIBR,PVT
494,1,syn,AIBR,SAADR
495,1,syn,AIBR,VB01
496,1,syn,AIBR,HSNR
497,13,syn,AIYL,ASEL
498,4,syn,AIYL,ASER
499,2,syn,AIYL,ASIL
500,1,syn,AIYL,AWAL
501,10,syn,AIYL,AWCL
502,4,syn,AIYL,AWCR
503,7,syn,AIYL,AFDL
504,1,syn,AIYL,BAGR
505,1,syn,AIYL,AIBL
506,1,syn,AIYR,ADFR
507,6,syn,AIYR,ASEL
508,14,syn,AIYR,ASER
509,1,syn,AIYR,ASGR
510,2,syn,AIYR,AWAR
511,9,syn,AIYR,AWCR
512,13,syn,AIYR,AFDR
513,1,syn,AIYR,AUAR
514,12,syn,AIZL,ADFL
515,1,syn,AIZL,ASIL
516,10,syn,AIZL,AWAL
517,9,syn,AIZL,AWBL
518,1,syn,AIZL,AIAL
519,13,syn,AIZL,AIYL
520,4,syn,AIZL,RIH
521,6,syn,AIZL,RIR
522,3,syn,AIZL,DVA
523,2,syn,AIZL,HSNL
524,1,syn,AIZL,HSNR
525,8,syn,AIZR,ADFR
526,7,syn,AIZR,AWAR
527,4,syn,AIZR,AWBR
528,1,syn,AIZR,AIAR
529,8,syn,AIZR,AIYR
530,1,syn,AIZR,RIBR
531,1,syn,AIZR,RIGL
532,4,syn,AIZR,RIH
533,5,syn,AIZR,RIR
534,1,syn,AIZR,HSNL
535,1,syn,AIZR,HSNR
536,1,syn,ADAL,ADFL
537,1,syn,ADAL,ASHL
538,1,syn,ADAL,AWAL
539,1,syn,ADAL,ADEL
540,1,syn,ADAL,AIAL
541,1,syn,ADAL,RMGL
542,1,syn,ADAL,PVPL
543,1,syn,ADAL,PVR
544,1,syn,ADAR,ADFR
545,2,syn,ADAR,ASHR
546,1,syn,ADAR,ADER
547,1,syn,ADAR,AIAR
548,1,syn,ADAR,RICL
549,1,syn,ADAR,RICR
550,1,syn,ADAR,RMGR
551,1,syn,ADAR,URBR
552,1,syn,ADAR,RIMR
553,2,syn,AIML,ASKL
554,2,syn,AIML,AIAL
555,1,syn,AIMR,ASKR
556,1,syn,AIMR,RMGR
557,1,syn,AINR,ASGL
558,1,syn,AINR,AFDL
559,2,syn,ALA,ADLL
560,1,syn,ALA,ADER
561,6,syn,BDUL,ALML
562,3,syn,BDUL,AVM
563,1,syn,BDUL,ADEL
564,1,syn,BDUL,AVKR
565,2,syn,BDUL,PVNL
566,1,syn,BDUL,PVNR
567,1,syn,BDUR,CEPDR
568,5,syn,BDUR,ALMR
569,4,syn,BDUR,AVM
570,2,syn,BDUR,PVNL
571,4,syn,BDUR,PVNR
572,1,syn,BDUR,HSNR
573,1,syn,RIPL,ADLL
574,1,syn,RIPL,ASHL
575,2,syn,RIPL,IL1DL
576,4,syn,RIPL,IL1VL
577,10,syn,RIPL,IL2DL
578,11,syn,RIPL,IL2VL
579,1,syn,RIPL,OLQVL
580,2,syn,RIPL,CEPDL
581,1,syn,RIPL,CEPVL
582,1,syn,RIPL,ADAL
583,5,syn,RIPL,RIH
584,3,syn,RIPL,PVR
585,3,syn,RIPL,URADL
586,3,syn,RIPL,URAVL
587,5,syn,RIPR,IL1DR
588,6,syn,RIPR,IL1VR
589,11,syn,RIPR,IL2DR
590,15,syn,RIPR,IL2VR
591,2,syn,RIPR,OLQVR
592,1,syn,RIPR,CEPVR
593,3,syn,RIPR,URXR
594,1,syn,RIPR,ADAR
595,1,syn,RIPR,RIFR
596,6,syn,RIPR,RIH
597,3,syn,RIPR,PVR
598,3,syn,RIPR,URADR
599,3,syn,RIPR,URAVR
600,15,syn,RIAL,ADFL
601,4,syn,RIAL,ASHL
602,3,syn,RIAL,AWBL
603,3,syn,RIAL,AWCL
604,1,syn,RIAL,IL2VL
605,5,syn,RIAL,BAGR
606,8,syn,RIAL,URXL
607,1,syn,RIAL,URYVL
608,3,syn,RIAL,AQR
609,5,syn,RIAL,AUAL
610,1,syn,RIAL,ADEL
611,1,syn,RIAL,AIBR
612,7,syn,RIAL,AIYL
613,8,syn,RIAL,AIZL
614,4,syn,RIAL,RIAR
615,3,syn,RIAL,RIBL
616,11,syn,RIAL,RIH
617,5,syn,RIAL,RIR
618,1,syn,RIAL,DVA
619,4,syn,RIAL,RMDL
620,3,syn,RIAL,RMDR
621,1,syn,RIAL,RIVL
622,2,syn,RIAL,RIVR
623,1,syn,RIAL,SMDDL
624,2,syn,RIAL,SMDDR
625,3,syn,RIAL,SMDVL
626,7,syn,RIAL,SMDVR
627,16,syn,RIAR,ADFR
628,1,syn,RIAR,ASEL
629,2,syn,RIAR,ASHR
630,1,syn,RIAR,AWBR
631,2,syn,RIAR,IL2VR
632,5,syn,RIAR,BAGL
633,3,syn,RIAR,URXR
634,1,syn,RIAR,URYVR
635,2,syn,RIAR,AQR
636,6,syn,RIAR,AUAR
637,6,syn,RIAR,AIYR
638,7,syn,RIAR,AIZR
639,1,syn,RIAR,RIAL
640,2,syn,RIAR,RIBR
641,8,syn,RIAR,RIH
642,1,syn,RIAR,RIR
643,2,syn,RIAR,DVA
644,2,syn,RIAR,PVPR
645,3,syn,RIAR,RMDL
646,7,syn,RIAR,RMDR
647,1,syn,RIAR,RIVL
648,2,syn,RIAR,RIVR
649,2,syn,RIAR,SMDDL
650,1,syn,RIAR,SMDDR
651,8,syn,RIAR,SMDVL
652,5,syn,RIAR,SMDVR
653,1,syn,RIBL,ASIL
654,1,syn,RIBL,IL2DL
655,8,syn,RIBL,OLLL
656,2,syn,RIBL,CEPDL
657,1,syn,RIBL,BAGL
658,4,syn,RIBL,BAGR
659,1,syn,RIBL,URYDL
660,2,syn,RIBL,URYVL
661,9,syn,RIBL,AUAL
662,4,syn,RIBL,AIBR
663,4,syn,RIBL,AIYL
664,1,syn,RIBL,AINL
665,2,syn,RIBL,AINR
666,1,syn,RIBL,RIGL
667,5,syn,RIBL,RIH
668,3,syn,RIBL,RIS
669,1,syn,RIBL,DVC
670,1,syn,RIBL,RIML
671,1,syn,RIBL,RMED
672,10,syn,RIBR,OLLR
673,1,syn,RIBR,CEPDR
674,7,syn,RIBR,BAGL
675,1,syn,RIBR,URYDR
676,1,syn,RIBR,URYVR
677,13,syn,RIBR,AUAR
678,4,syn,RIBR,AIBL
679,2,syn,RIBR,AIYR
680,2,syn,RIBR,AINL
681,1,syn,RIBR,RIGR
682,4,syn,RIBR,RIH
683,5,syn,RIBR,RIS
684,1,syn,RIBR,DVC
685,1,syn,RIBR,RIMR
686,1,syn,RIBR,RMED
687,1,syn,RICL,ADLR
688,1,syn,RICL,IL2L
689,1,syn,RICL,OLQDR
690,1,syn,RICL,OLQVL
691,2,syn,RICL,CEPDL
692,4,syn,RICL,CEPDR
693,7,syn,RICL,CEPVL
694,2,syn,RICL,CEPVR
695,1,syn,RICL,URXL
696,2,syn,RICL,ADAL
697,1,syn,RICL,ADAR
698,1,syn,RICR,ADLR
699,1,syn,RICR,IL2DR
700,1,syn,RICR,OLQDL
701,1,syn,RICR,OLQDR
702,1,syn,RICR,OLQVR
703,4,syn,RICR,CEPDL
704,3,syn,RICR,CEPDR
705,4,syn,RICR,CEPVL
706,4,syn,RICR,CEPVR
707,1,syn,RICR,ADAL
708,1,syn,RICR,SDQL
709,1,syn,RICR,SDQR
710,1,syn,RICR,URBL
711,1,syn,RICR,URBR
712,1,syn,RIFL,ADEL
713,1,syn,RIFL,AIAL
714,1,syn,RIFL,AIBL
715,1,syn,RIFL,AIML
716,1,syn,RIFL,PVNL
717,3,syn,RIFL,HSNL
718,1,syn,RIFR,ASKR
719,2,syn,RIFR,AWAR
720,2,syn,RIFR,AIAR
721,1,syn,RIFR,AIMR
722,1,syn,RIFR,AVJL
723,1,syn,RIFR,PVQR
724,4,syn,RIFR,HSNR
725,1,syn,RIGL,ADFL
726,1,syn,RIGL,BAGL
727,5,syn,RIGL,BAGR
728,3,syn,RIGL,URXL
729,5,syn,RIGL,ADEL
730,7,syn,RIGL,ADER
731,1,syn,RIGL,AIZL
732,1,syn,RIGL,RIR
733,1,syn,RIGL,AVHR
734,5,syn,RIGL,DVC
735,2,syn,RIGL,PVPL
736,2,syn,RIGL,PVT
737,1,syn,RIGL,AVAR
738,3,syn,RIGR,ADFR
739,1,syn,RIGR,AWAR
740,4,syn,RIGR,BAGL
741,2,syn,RIGR,URXR
742,6,syn,RIGR,ADEL
743,4,syn,RIGR,ADER
744,1,syn,RIGR,AIBL
745,1,syn,RIGR,RIBR
746,5,syn,RIGR,DVC
747,1,syn,RIGR,PVPR
748,3,syn,RIGR,PVT
749,1,syn,RIGR,RMFL
750,1,syn,RIH,IL1DL
751,7,syn,RIH,IL2L
752,6,syn,RIH,IL2R
753,2,syn,RIH,IL2VL
754,3,syn,RIH,IL2VR
755,1,syn,RIH,OLQVL
756,2,syn,RIH,OLQVR
757,1,syn,RIH,URYVL
758,2,syn,RIH,ADEL
759,1,syn,RIH,ADER
760,1,syn,RIH,RIBR
761,1,syn,RIH,PVT
762,2,syn,RIR,ADFL
763,3,syn,RIR,ADFR
764,2,syn,RIR,AWAR
765,2,syn,RIR,AWBR
766,2,syn,RIR,RIGL
767,1,syn,RIR,RIGR
768,1,syn,RIR,RMGR
769,3,syn,RIR,AVHL
770,4,syn,RIR,AVHR
771,3,syn,RIR,DVA
772,1,syn,RIS,CEPDL
773,1,syn,RIS,CEPDR
774,1,syn,RIS,URYVL
775,3,syn,RIS,SDQL
776,1,syn,RIS,AVJL
777,2,syn,RIS,PVCL
778,1,syn,RIS,RIMR
779,1,syn,RIS,RMDR
780,4,syn,RMGL,CEPDL
781,1,syn,RMGL,ALML
782,2,syn,RMGL,URXL
783,1,syn,RMGL,ADEL
784,1,syn,RMGL,AIAL
785,1,syn,RMGL,PVQL
786,1,syn,RMGL,SAADR
787,1,syn,RMGL,RMHR
788,2,syn,RMGR,ASHR
789,1,syn,RMGR,CEPDR
790,1,syn,RMGR,URXR
791,2,syn,RMGR,AIMR
792,1,syn,RMGR,PVPR
793,1,syn,RMGR,SAADL
794,1,syn,RMGR,RMFL
795,1,syn,RMGR,HSNR
796,1,syn,SDQL,ALML
797,1,syn,SDQL,BDUR
798,1,syn,SIADL,CEPDR
799,1,syn,SIADL,ALMR
800,2,syn,SIADL,RIAL
801,1,syn,SIADL,RIAR
802,2,syn,SIADR,CEPDL
803,1,syn,SIADR,ADEL
804,1,syn,SIADR,RIAR
805,2,syn,SIAVL,CEPVL
806,1,syn,SIAVL,RIAR
807,1,syn,SIAVL,RMGL
808,1,syn,SIAVL,URBL
809,2,syn,SIAVL,RIVR
810,2,syn,SIAVR,CEPVR
811,1,syn,SIAVR,URXR
812,2,syn,SIAVR,URBR
813,1,syn,SIAVR,AVKL
814,2,syn,SIAVR,RIVL
815,3,syn,SIBDL,OLQVL
816,4,syn,SIBDR,OLQVR
817,1,syn,SIBDR,URYVR
818,1,syn,SIBDR,ADEL
819,1,syn,SIBDR,RMDVR
820,3,syn,SIBVL,OLQDL
821,1,syn,SIBVL,AVM
822,1,syn,SIBVL,URYVR
823,2,syn,SIBVL,RMGL
824,2,syn,SIBVL,PVCL
825,2,syn,SIBVR,OLQDR
826,1,syn,SIBVR,URYVL
827,1,syn,SIBVR,RMGL
828,2,syn,SIBVR,PVCR
829,1,syn,SIBVR,RMDVR
830,4,syn,URBL,CEPDL
831,1,syn,URBL,ADEL
832,3,syn,URBL,VC05
833,1,syn,URBR,IL2R
834,2,syn,URBR,CEPDR
835,3,syn,AVFL,PHAL
836,1,syn,AVFL,PHBR
837,4,syn,AVFL,AIML
838,2,syn,AVFL,AIMR
839,1,syn,AVFL,RIFR
840,1,syn,AVFL,AVFR
841,1,syn,AVFL,AVG
842,1,syn,AVFL,AVHL
843,2,syn,AVFL,AVHR
844,6,syn,AVFL,HSNL
845,2,syn,AVFL,HSNR
846,1,syn,AVFL,VC05
847,1,syn,AVFR,AIML
848,2,syn,AVFR,AIMR
849,7,syn,AVFR,AVFL
850,3,syn,AVFR,AVHL
851,1,syn,AVFR,AVHR
852,1,syn,AVFR,AVJL
853,1,syn,AVFR,AVL
854,1,syn,AVFR,PVNL
855,1,syn,AVFR,PVQR
856,1,syn,AVFR,VC05
857,1,syn,AVG,PQR
858,5,syn,AVG,PHAL
859,3,syn,AVG,PHAR
860,2,syn,AVG,AVFL
861,1,syn,AVG,PVNL
862,1,syn,AVHL,PHAL
863,2,syn,AVHL,AIML
864,1,syn,AVHL,BDUL
865,1,syn,AVHL,BDUR
866,1,syn,AVHL,RIFR
867,2,syn,AVHL,AVFL
868,2,syn,AVHL,AVFR
869,1,syn,AVHL,AVHR
870,2,syn,AVHL,AVJL
871,3,syn,AVHL,PVPR
872,1,syn,AVHL,AVAL
873,1,syn,AVHR,PHAL
874,1,syn,AVHR,PHAR
875,1,syn,AVHR,PHCR
876,1,syn,AVHR,AIML
877,1,syn,AVHR,RIFL
878,4,syn,AVHR,AVFL
879,1,syn,AVHR,AVFR
880,1,syn,AVHR,AVHL
881,1,syn,AVHR,PVPL
882,1,syn,AVHR,VC04
883,1,syn,AVJL,ADLL
884,1,syn,AVJL,AQR
885,3,syn,AVJL,ADAR
886,1,syn,AVJL,AIML
887,2,syn,AVJL,BDUR
888,1,syn,AVJL,RIFR
889,1,syn,AVJL,RMGR
890,1,syn,AVJL,AVFL
891,2,syn,AVJL,AVFR
892,1,syn,AVJL,AVG
893,3,syn,AVJL,AVHL
894,1,syn,AVJL,AVJR
895,5,syn,AVJL,PVNL
896,4,syn,AVJL,PVNR
897,3,syn,AVJL,PVR
898,1,syn,AVJL,PVWL
899,3,syn,AVJL,PVCL
900,1,syn,AVJL,LUAL
901,1,syn,AVJL,RIMR
902,2,syn,AVJL,HSNL
903,1,syn,AVJL,HSNR
904,3,syn,AVJR,ADLL
905,2,syn,AVJR,ADLR
906,1,syn,AVJR,AVM
907,1,syn,AVJR,FLPR
908,1,syn,AVJR,URXL
909,1,syn,AVJR,ADER
910,5,syn,AVJR,ADAL
911,1,syn,AVJR,BDUL
912,2,syn,AVJR,RIFL
913,2,syn,AVJR,RIFR
914,1,syn,AVJR,AVFL
915,1,syn,AVJR,AVFR
916,4,syn,AVJR,AVHR
917,5,syn,AVJR,PVNL
918,1,syn,AVJR,PVNR
919,2,syn,AVJR,PVR
920,1,syn,AVJR,PVCL
921,1,syn,AVJR,LUAR
922,11,syn,AVKL,PVM
923,2,syn,AVKL,ADER
924,6,syn,AVKL,PDEL
925,16,syn,AVKL,PDER
926,4,syn,AVKL,RIGR
927,1,syn,AVKL,RIS
928,2,syn,AVKL,DVC
929,1,syn,AVKL,PVR
930,7,syn,AVKL,PVT
931,1,syn,AVKL,RIMR
932,1,syn,AVKL,RMDR
933,4,syn,AVKL,RMFL
934,3,syn,AVKL,RMFR
935,1,syn,AVKR,ADER
936,1,syn,AVKR,RICL
937,2,syn,AVKR,RIGL
938,1,syn,AVKR,RIGR
939,4,syn,AVKR,RIS
940,1,syn,AVKR,DVC
941,7,syn,AVKR,PVT
942,4,syn,AVKR,RMFL
943,3,syn,AVKR,RMFR
944,1,syn,AVL,ADEL
945,2,syn,AVL,RIS
946,1,syn,AVL,AVFL
947,1,syn,AVL,AVG
948,5,syn,AVL,DVB
949,2,syn,AVL,PVNL
950,2,syn,AVL,PVNR
951,4,syn,AVL,PVPR
952,1,syn,AVL,PVQR
953,2,syn,AVL,PVT
954,1,syn,AVL,PVCR
955,1,syn,AVL,AVBL
956,1,syn,AVL,HSNR
957,2,syn,AVL,VC01
958,1,syn,AVL,VC03
959,3,syn,DVA,PVM
960,5,syn,DVA,PLMR
961,1,syn,DVA,FLPL
962,1,syn,DVA,FLPR
963,3,syn,DVA,PVDR
964,24,syn,DVA,PDEL
965,35,syn,DVA,PDER
966,2,syn,DVA,PHAL
967,2,syn,DVA,PHAR
968,6,syn,DVA,PHCL
969,8,syn,DVA,PHCR
970,1,syn,DVA,AIZL
971,2,syn,DVA,AIZR
972,2,syn,DVA,RIR
973,3,syn,DVA,SDQR
974,1,syn,DVA,AVKL
975,1,syn,DVA,PVR
976,4,syn,DVA,PVCL
977,1,syn,DVA,VB01
978,1,syn,DVC,RIGL
979,3,syn,DVC,DVB
980,2,syn,DVC,PVPR
981,1,syn,DVC,PVQR
982,2,syn,DVC,PVT
983,1,syn,DVC,AVDR
984,1,syn,DVC,VC01
985,1,syn,DVC,VC02
986,1,syn,DVC,VC03
987,2,syn,DVC,VC05
988,1,syn,PVNL,AVM
989,1,syn,PVNL,PQR
990,2,syn,PVNL,BDUL
991,4,syn,PVNL,BDUR
992,2,syn,PVNL,AVFL
993,1,syn,PVNL,AVHR
994,1,syn,PVNL,PVNR
995,1,syn,PVNL,LUAL
996,1,syn,PVNR,AIMR
997,2,syn,PVNR,BDUL
998,1,syn,PVNR,BDUR
999,2,syn,PVNR,AVG
1000,1,syn,PVNR,AVJL
1001,5,syn,PVNR,PVNL
1002,1,syn,PVNR,AVBL
1003,1,syn,PVNR,PDA
1004,2,syn,PVNR,VA11
1005,2,syn,PVNR,HSNR
1006,1,syn,PVNR,VC03
1007,1,syn,PVPL,AQR
1008,3,syn,PVPL,RIFL
1009,1,syn,PVPL,RIR
1010,3,syn,PVPL,AVHR
1011,2,syn,PVPL,DVB
1012,1,syn,PVPR,ADFR
1013,1,syn,PVPR,ASHR
1014,4,syn,PVPR,RIFR
1015,1,syn,PVPR,AVG
1016,2,syn,PVPR,AVHL
1017,1,syn,PVPR,AVL
1018,1,syn,PVPR,VC03
1019,14,syn,PVQL,ASJL
1020,2,syn,PVQL,PHAL
1021,2,syn,PVQL,PHAR
1022,1,syn,PVQL,AIML
1023,1,syn,PVQL,AVFL
1024,1,syn,PVQL,AVFR
1025,1,syn,PVQL,AVHL
1026,1,syn,PVQL,AVKR
1027,13,syn,PVQR,ASJR
1028,1,syn,PVQR,AVFL
1029,1,syn,PVQR,AVG
1030,2,syn,PVQR,AVHL
1031,1,syn,PVQR,AVJR
1032,1,syn,PVQR,PVPR
1033,1,syn,PVQR,HSNR
1034,1,syn,PVQR,VC02
1035,4,syn,PVQR,VC03
1036,1,syn,PVR,IL1DL
1037,3,syn,PVR,AVM
1038,1,syn,PVR,PVM
1039,1,syn,PVR,ADER
1040,2,syn,PVR,PDEL
1041,3,syn,PVR,DVA
1042,1,syn,PVR,PVCR
1043,1,syn,PVR,LUAR
1044,1,syn,PVR,SMDVL
1045,1,syn,PVT,AVG
1046,1,syn,PVT,DVC
1047,1,syn,PVT,PVNL
1048,2,syn,PVT,PVNR
1049,1,syn,PVT,PVQR
1050,2,syn,PVT,PVWL
1051,1,syn,PVT,PVWR
1052,1,syn,PVT,AVEL
1053,1,syn,PVT,RMFL
1054,1,syn,PVT,VA09
1055,1,syn,PVT,VB10
1056,2,syn,PVT,VC01
1057,2,syn,PVT,VC02
1058,1,syn,PVT,VC05
1059,1,syn,PVWL,AVL
1060,1,syn,PVWL,PVNL
1061,2,syn,PVWL,PVNR
1062,1,syn,PVWL,LUAL
1063,1,syn,PVWL,LUAR
1064,1,syn,PVWR,PVWL
1065,1,syn,PVWR,PVCR
1066,1,syn,RID,AVM
1067,1,syn,RID,AINR
1068,1,syn,RID,RMGL
1069,5,syn,RID,PVCL
1070,5,syn,RID,PVCR
1071,2,syn,PVCL,ADLR
1072,4,syn,PVCL,ALML
1073,4,syn,PVCL,AVM
1074,2,syn,PVCL,PVM
1075,2,syn,PVCL,PLMR
1076,2,syn,PVCL,FLPR
1077,1,syn,PVCL,PVDL
1078,13,syn,PVCL,PVDR
1079,1,syn,PVCL,PDER
1080,13,syn,PVCL,PHBL
1081,6,syn,PVCL,PHBR
1082,2,syn,PVCL,PHCL
1083,2,syn,PVCL,BDUR
1084,1,syn,PVCL,RIFR
1085,1,syn,PVCL,AVG
1086,1,syn,PVCL,AVJL
1087,2,syn,PVCL,AVJR
1088,3,syn,PVCL,DVA
1089,1,syn,PVCL,PVNL
1090,1,syn,PVCL,PVNR
1091,4,syn,PVCL,PVPR
1092,3,syn,PVCL,PVCR
1093,10,syn,PVCL,AVAL
1094,7,syn,PVCL,AVAR
1095,1,syn,PVCL,AVDL
1096,2,syn,PVCL,VA12
1097,1,syn,PVCL,VD13
1098,2,syn,PVCR,ALML
1099,3,syn,PVCR,ALMR
1100,5,syn,PVCR,AVM
1101,6,syn,PVCR,PVDL
1102,10,syn,PVCR,PVDR
1103,2,syn,PVCR,AQR
1104,1,syn,PVCR,PDER
1105,3,syn,PVCR,PHBR
1106,8,syn,PVCR,PHCR
1107,1,syn,PVCR,RIFR
1108,2,syn,PVCR,AVJL
1109,4,syn,PVCR,AVJR
1110,1,syn,PVCR,DVA
1111,3,syn,PVCR,PVPL
1112,7,syn,PVCR,PVPR
1113,1,syn,PVCR,PVR
1114,1,syn,PVCR,PVWR
1115,2,syn,PVCR,PVCL
1116,6,syn,PVCR,AVAL
1117,5,syn,PVCR,AVAR
1118,1,syn,PVCR,AVEL
1119,3,syn,PVCR,LUAR
1120,3,syn,PVCR,VA12
1121,1,syn,PVCR,VB11
1122,1,syn,PVCR,VD13
1123,1,syn,PVCR,VC02
1124,2,syn,AVAL,ADLL
1125,2,syn,AVAL,ASHL
1126,1,syn,AVAL,AWCL
1127,4,syn,AVAL,PLMR
1128,14,syn,AVAL,FLPL
1129,12,syn,AVAL,FLPR
1130,6,syn,AVAL,PVDL
1131,6,syn,AVAL,PVDR
1132,2,syn,AVAL,BAGR
1133,1,syn,AVAL,URYVR
1134,2,syn,AVAL,AQR
1135,8,syn,AVAL,PQR
1136,3,syn,AVAL,AUAL
1137,2,syn,AVAL,ADEL
1138,5,syn,AVAL,ADER
1139,9,syn,AVAL,PHBL
1140,7,syn,AVAL,PHBR
1141,1,syn,AVAL,PHCL
1142,2,syn,AVAL,AIBL
1143,1,syn,AVAL,ADAR
1144,1,syn,AVAL,ALA
1145,3,syn,AVAL,BDUR
1146,2,syn,AVAL,RIBL
1147,5,syn,AVAL,RICL
1148,5,syn,AVAL,RICR
1149,1,syn,AVAL,RMGL
1150,2,syn,AVAL,SDQL
1151,2,syn,AVAL,SDQR
1152,1,syn,AVAL,AVJR
1153,3,syn,AVAL,DVA
1154,5,syn,AVAL,DVC
1155,2,syn,AVAL,PVNL
1156,4,syn,AVAL,PVNR
1157,2,syn,AVAL,PVPL
1158,1,syn,AVAL,PVPR
1159,2,syn,AVAL,PVCL
1160,7,syn,AVAL,PVCR
1161,1,syn,AVAL,AVAR
1162,7,syn,AVAL,AVBL
1163,6,syn,AVAL,AVBR
1164,13,syn,AVAL,AVDL
1165,16,syn,AVAL,AVDR
1166,12,syn,AVAL,AVEL
1167,7,syn,AVAL,AVER
1168,5,syn,AVAL,LUAL
1169,3,syn,AVAL,LUAR
1170,6,syn,AVAL,SAADL
1171,17,syn,AVAL,SAAVL
1172,1,syn,AVAL,RIML
1173,2,syn,AVAL,RIMR
1174,1,syn,AVAL,SMBDR
1175,1,syn,AVAL,VA02
1176,1,syn,AVAL,VD06
1177,3,syn,AVAR,ADLL
1178,2,syn,AVAR,ADLR
1179,5,syn,AVAR,ASHR
1180,1,syn,AVAR,PLMR
1181,17,syn,AVAR,FLPL
1182,5,syn,AVAR,FLPR
1183,6,syn,AVAR,PVDL
1184,9,syn,AVAR,PVDR
1185,2,syn,AVAR,BAGL
1186,3,syn,AVAR,AQR
1187,11,syn,AVAR,PQR
1188,1,syn,AVAR,AUAR
1189,3,syn,AVAR,ADEL
1190,1,syn,AVAR,ADER
1191,6,syn,AVAR,PHBL
1192,7,syn,AVAR,PHBR
1193,1,syn,AVAR,AIBR
1194,2,syn,AVAR,ADAL
1195,2,syn,AVAR,RIBR
1196,6,syn,AVAR,RICL
1197,5,syn,AVAR,RICR
1198,1,syn,AVAR,RMGR
1199,3,syn,AVAR,SDQL
1200,3,syn,AVAR,AVG
1201,1,syn,AVAR,AVJL
1202,1,syn,AVAR,AVJR
1203,1,syn,AVAR,DVA
1204,7,syn,AVAR,DVC
1205,2,syn,AVAR,PVPL
1206,2,syn,AVAR,PVPR
1207,1,syn,AVAR,PVWR
1208,4,syn,AVAR,PVCL
1209,7,syn,AVAR,PVCR
1210,2,syn,AVAR,AVAL
1211,7,syn,AVAR,AVBL
1212,7,syn,AVAR,AVBR
1213,19,syn,AVAR,AVDL
1214,15,syn,AVAR,AVDR
1215,7,syn,AVAR,AVEL
1216,16,syn,AVAR,AVER
1217,6,syn,AVAR,LUAL
1218,7,syn,AVAR,LUAR
1219,3,syn,AVAR,SAADR
1220,13,syn,AVAR,SAAVR
1221,1,syn,AVAR,SMBDL
1222,1,syn,AVAR,AS09
1223,1,syn,AVAR,VD05
1224,2,syn,AVAR,VD11
1225,2,syn,AVAR,VD13
1226,4,syn,AVBL,ADLL
1227,1,syn,AVBL,ADLR
1228,6,syn,AVBL,ASHL
1229,1,syn,AVBL,AWBL
1230,6,syn,AVBL,AVM
1231,4,syn,AVBL,FLPL
1232,5,syn,AVBL,FLPR
1233,1,syn,AVBL,URXL
1234,1,syn,AVBL,URXR
1235,3,syn,AVBL,AQR
1236,5,syn,AVBL,AIBL
1237,4,syn,AVBL,ADAL
1238,2,syn,AVBL,ADAR
1239,10,syn,AVBL,RIFL
1240,1,syn,AVBL,RIFR
1241,6,syn,AVBL,SDQR
1242,1,syn,AVBL,URBL
1243,1,syn,AVBL,AVFL
1244,1,syn,AVBL,AVFR
1245,2,syn,AVBL,AVG
1246,1,syn,AVBL,AVHL
1247,2,syn,AVBL,AVHR
1248,1,syn,AVBL,AVJL
1249,3,syn,AVBL,AVJR
1250,1,syn,AVBL,AVKL
1251,1,syn,AVBL,DVA
1252,1,syn,AVBL,DVC
1253,1,syn,AVBL,PVNR
1254,5,syn,AVBL,PVPL
1255,4,syn,AVBL,PVPR
1256,1,syn,AVBL,PVQR
1257,4,syn,AVBL,PVR
1258,5,syn,AVBL,PVCL
1259,8,syn,AVBL,PVCR
1260,1,syn,AVBL,AVAR
1261,1,syn,AVBL,AVBR
1262,1,syn,AVBL,AVDR
1263,2,syn,AVBL,RIML
1264,2,syn,AVBL,RIMR
1265,1,syn,AVBL,VC04
1266,2,syn,AVBR,ADLR
1267,3,syn,AVBR,ASHR
1268,2,syn,AVBR,AWBR
1269,6,syn,AVBR,AVM
1270,5,syn,AVBR,FLPL
1271,1,syn,AVBR,FLPR
1272,2,syn,AVBR,URXR
1273,1,syn,AVBR,URYVL
1274,4,syn,AVBR,AQR
1275,3,syn,AVBR,AIBR
1276,7,syn,AVBR,ADAL
1277,5,syn,AVBR,ADAR
1278,2,syn,AVBR,AIML
1279,1,syn,AVBR,RIBL
1280,1,syn,AVBR,RIFL
1281,17,syn,AVBR,RIFR
1282,2,syn,AVBR,RMGL
1283,1,syn,AVBR,RMGR
1284,4,syn,AVBR,SDQR
1285,1,syn,AVBR,URBR
1286,2,syn,AVBR,AVFL
1287,5,syn,AVBR,AVFR
1288,2,syn,AVBR,AVG
1289,1,syn,AVBR,AVHL
1290,1,syn,AVBR,AVHR
1291,4,syn,AVBR,AVJL
1292,1,syn,AVBR,AVJR
1293,1,syn,AVBR,PVNL
1294,2,syn,AVBR,PVNR
1295,6,syn,AVBR,PVPL
1296,5,syn,AVBR,PVPR
1297,4,syn,AVBR,PVR
1298,12,syn,AVBR,PVCL
1299,6,syn,AVBR,PVCR
1300,1,syn,AVBR,AVAL
1301,1,syn,AVBR,AVBL
1302,3,syn,AVBR,RIML
1303,5,syn,AVBR,RIMR
1304,1,syn,AVDL,ADLL
1305,5,syn,AVDL,ADLR
1306,2,syn,AVDL,ASHL
1307,5,syn,AVDL,ASHR
1308,1,syn,AVDL,PLMR
1309,6,syn,AVDL,FLPL
1310,10,syn,AVDL,FLPR
1311,1,syn,AVDL,AQR
1312,7,syn,AVDL,PQR
1313,1,syn,AVDL,PHBL
1314,1,syn,AVDL,PHBR
1315,1,syn,AVDL,ADAL
1316,1,syn,AVDL,AIML
1317,1,syn,AVDL,RMGR
1318,1,syn,AVDL,AVHL
1319,1,syn,AVDL,AVJL
1320,1,syn,AVDL,AVJR
1321,3,syn,AVDL,PVNL
1322,5,syn,AVDL,PVCL
1323,5,syn,AVDL,PVCR
1324,1,syn,AVDL,AVAL
1325,1,syn,AVDL,AVAR
1326,1,syn,AVDL,AVBL
1327,2,syn,AVDL,AVDR
1328,4,syn,AVDL,LUAL
1329,1,syn,AVDL,LUAR
1330,1,syn,AVDL,VA04
1331,4,syn,AVDR,ADLL
1332,2,syn,AVDR,ADLR
1333,4,syn,AVDR,ASHL
1334,1,syn,AVDR,ASHR
1335,1,syn,AVDR,ALML
1336,4,syn,AVDR,PLMR
1337,13,syn,AVDR,FLPL
1338,1,syn,AVDR,FLPR
1339,1,syn,AVDR,AQR
1340,6,syn,AVDR,PQR
1341,1,syn,AVDR,AUAL
1342,2,syn,AVDR,ADER
1343,1,syn,AVDR,PHAL
1344,1,syn,AVDR,PHBR
1345,1,syn,AVDR,AIML
1346,1,syn,AVDR,AIMR
1347,1,syn,AVDR,RIBL
1348,1,syn,AVDR,AVG
1349,1,syn,AVDR,AVHR
1350,3,syn,AVDR,AVJR
1351,3,syn,AVDR,PVNL
1352,1,syn,AVDR,PVNR
1353,2,syn,AVDR,PVPL
1354,1,syn,AVDR,PVWR
1355,2,syn,AVDR,PVCL
1356,1,syn,AVDR,PVCR
1357,2,syn,AVDR,AVAR
1358,2,syn,AVDR,AVBL
1359,1,syn,AVDR,AVER
1360,2,syn,AVDR,LUAL
1361,3,syn,AVDR,LUAR
1362,2,syn,AVDR,HSNL
1363,1,syn,AVDR,HSNR
1364,1,syn,AVEL,IL1R
1365,1,syn,AVEL,IL2L
1366,16,syn,AVEL,OLLR
1367,6,syn,AVEL,CEPDR
1368,5,syn,AVEL,CEPVR
1369,1,syn,AVEL,ALML
1370,4,syn,AVEL,FLPR
1371,1,syn,AVEL,BAGL
1372,4,syn,AVEL,BAGR
1373,4,syn,AVEL,URXL
1374,2,syn,AVEL,URYDR
1375,6,syn,AVEL,URYVR
1376,3,syn,AVEL,AUAL
1377,1,syn,AVEL,ADEL
1378,1,syn,AVEL,AIBR
1379,4,syn,AVEL,AIZR
1380,1,syn,AVEL,ADAL
1381,1,syn,AVEL,ADAR
1382,2,syn,AVEL,ALA
1383,2,syn,AVEL,RIBL
1384,3,syn,AVEL,RIBR
1385,2,syn,AVEL,RIGL
1386,7,syn,AVEL,RIS
1387,2,syn,AVEL,RMGL
1388,1,syn,AVEL,SDQL
1389,1,syn,AVEL,AVG
1390,1,syn,AVEL,AVJL
1391,2,syn,AVEL,AVKL
1392,1,syn,AVEL,AVL
1393,9,syn,AVEL,DVA
1394,1,syn,AVEL,PVNL
1395,3,syn,AVEL,PVNR
1396,2,syn,AVEL,PVCL
1397,1,syn,AVEL,PVCR
1398,2,syn,AVEL,AVAR
1399,1,syn,AVEL,AVBL
1400,3,syn,AVER,ASHR
1401,2,syn,AVER,IL1L
1402,1,syn,AVER,IL1R
1403,21,syn,AVER,OLLL
1404,5,syn,AVER,CEPDL
1405,3,syn,AVER,CEPVL
1406,2,syn,AVER,FLPR
1407,4,syn,AVER,BAGL
1408,2,syn,AVER,URXR
1409,2,syn,AVER,URYDL
1410,2,syn,AVER,URYDR
1411,5,syn,AVER,URYVL
1412,4,syn,AVER,AUAR
1413,1,syn,AVER,ADER
1414,5,syn,AVER,AIZL
1415,2,syn,AVER,AIZR
1416,1,syn,AVER,AIML
1417,2,syn,AVER,ALA
1418,5,syn,AVER,RIBL
1419,2,syn,AVER,RIBR
1420,1,syn,AVER,RIGL
1421,2,syn,AVER,RIGR
1422,7,syn,AVER,RIS
1423,3,syn,AVER,RMGR
1424,1,syn,AVER,AVG
1425,3,syn,AVER,AVJR
1426,1,syn,AVER,AVKL
1427,5,syn,AVER,DVA
1428,1,syn,AVER,PVPL
1429,1,syn,AVER,PVCL
1430,1,syn,AVER,PVCR
1431,2,syn,AVER,AVAR
1432,2,syn,AVER,AVBL
1433,1,syn,LUAL,PHCL
1434,1,syn,LUAL,AVAL
1435,1,syn,LUAL,AVAR
1436,1,syn,LUAL,AVDL
1437,2,syn,LUAL,AVDR
1438,2,syn,LUAL,VA12
1439,1,syn,LUAR,PQR
1440,1,syn,LUAR,PHCR
1441,1,syn,LUAR,PVCR
1442,3,syn,LUAR,AVAR
1443,5,syn,SAADL,PLNL
1444,2,syn,SAADL,AIBL
1445,1,syn,SAADL,AIBR
1446,1,syn,SAADL,BDUL
1447,1,syn,SAADL,AVKR
1448,2,syn,SAADL,RIVR
1449,3,syn,SAADL,SMBVL
1450,9,syn,SAADL,VB01
1451,4,syn,SAADR,PLNR
1452,2,syn,SAADR,AIBL
1453,1,syn,SAADR,RIAR
1454,1,syn,SAADR,AVKL
1455,1,syn,SAADR,DVA
1456,1,syn,SAADR,RIML
1457,3,syn,SAADR,RIVL
1458,4,syn,SAADR,SMBVR
1459,4,syn,SAADR,VB01
1460,3,syn,SAAVL,ALNL
1461,1,syn,SAAVL,DVA
1462,3,syn,SAAVL,RIML
1463,3,syn,SAAVL,RIMR
1464,3,syn,SAAVL,SMBDR
1465,2,syn,SAAVR,ALNR
1466,1,syn,SAAVR,ADER
1467,1,syn,SAAVR,DVA
1468,2,syn,SAAVR,RIML
1469,3,syn,SAAVR,RIMR
1470,2,syn,SAAVR,SMBDL
1471,5,syn,SABD,AVL
1472,1,syn,SABD,DVA
1473,1,syn,SABD,PVR
1474,1,syn,SABD,AVAR
1475,2,syn,SABD,AVDL
1476,1,syn,SABD,AVDR
1477,6,syn,SABD,AVEL
1478,2,syn,SABD,AVER
1479,1,syn,SABD,VB01
1480,1,syn,SABD,HSNR
1481,1,syn,SABVL,AVJR
1482,4,syn,SABVL,AVL
1483,3,syn,SABVL,AVAR
1484,1,syn,SABVL,AVDL
1485,3,syn,SABVL,AVDR
1486,7,syn,SABVL,AVEL
1487,3,syn,SABVL,AVER
1488,2,syn,SABVL,HSNL
1489,3,syn,SABVR,AVL
1490,1,syn,SABVR,AVDL
1491,1,syn,SABVR,AVDR
1492,3,syn,SABVR,AVEL
1493,3,syn,SABVR,AVER
1494,1,syn,SABVR,HSNR
1495,1,syn,RIML,ASHL
1496,2,syn,RIML,AIBL
1497,16,syn,RIML,AIBR
1498,4,syn,RIML,AIZL
1499,3,syn,RIML,ADAL
1500,1,syn,RIML,RICL
1501,4,syn,RIML,RIFL
1502,1,syn,RIML,RIS
1503,2,syn,RIML,AVKL
1504,2,syn,RIML,AVKR
1505,3,syn,RIML,SAADL
1506,4,syn,RIML,SAADR
1507,2,syn,RIML,SAAVL
1508,5,syn,RIML,SAAVR
1509,2,syn,RIML,VB01
1510,2,syn,RIML,HSNL
1511,13,syn,RIMR,AIBL
1512,1,syn,RIMR,AIBR
1513,4,syn,RIMR,AIZR
1514,5,syn,RIMR,ADAR
1515,3,syn,RIMR,RICL
1516,4,syn,RIMR,RIFR
1517,4,syn,RIMR,RIS
1518,1,syn,RIMR,AVHL
1519,1,syn,RIMR,AVKL
1520,2,syn,RIMR,AVKR
1521,1,syn,RIMR,DVA
1522,1,syn,RIMR,PVPR
1523,6,syn,RIMR,SAADL
1524,5,syn,RIMR,SAADR
1525,12,syn,RIMR,SAAVL
1526,2,syn,RIMR,SAAVR
1527,2,syn,RIMR,RMDR
1528,5,syn,RMDDL,IL1L
1529,3,syn,RMDDL,IL1R
1530,5,syn,RMDDL,IL1VL
1531,3,syn,RMDDL,OLQDR
1532,7,syn,RMDDL,OLLL
1533,1,syn,RMDDL,CEPDR
1534,4,syn,RMDDL,CEPVL
1535,1,syn,RMDDL,ALMR
1536,3,syn,RMDDL,URYDR
1537,4,syn,RMDDL,URYVL
1538,12,syn,RMDDL,RIAL
1539,10,syn,RMDDL,RIAR
1540,1,syn,RMDDL,RIS
1541,1,syn,RMDDL,RMDR
1542,4,syn,RMDDL,RMDVR
1543,1,syn,RMDDL,RIVR
1544,2,syn,RMDDL,SMDVR
1545,1,syn,RMDDR,IL1DL
1546,2,syn,RMDDR,IL1R
1547,10,syn,RMDDR,IL1VR
1548,4,syn,RMDDR,OLQDL
1549,10,syn,RMDDR,OLLR
1550,2,syn,RMDDR,CEPVR
1551,1,syn,RMDDR,ALML
1552,4,syn,RMDDR,URYDL
1553,6,syn,RMDDR,URYVR
1554,7,syn,RMDDR,RIAL
1555,11,syn,RMDDR,RIAR
1556,1,syn,RMDDR,URBL
1557,1,syn,RMDDR,RMDL
1558,6,syn,RMDDR,RMDVL
1559,1,syn,RMDDR,SMDVL
1560,1,syn,RMDL,IL1L
1561,4,syn,RMDL,IL1R
1562,3,syn,RMDL,IL2L
1563,2,syn,RMDL,IL2R
1564,2,syn,RMDL,OLLL
1565,3,syn,RMDL,OLLR
1566,4,syn,RMDL,ADEL
1567,6,syn,RMDL,RIAL
1568,3,syn,RMDL,RIAR
1569,2,syn,RMDL,RIS
1570,1,syn,RMDL,RMGL
1571,4,syn,RMDL,RMGR
1572,1,syn,RMDL,URBR
1573,1,syn,RMDL,RIML
1574,3,syn,RMDL,RIMR
1575,1,syn,RMDL,RMDR
1576,2,syn,RMDL,RMFR
1577,2,syn,RMDL,RIVL
1578,3,syn,RMDR,IL1L
1579,2,syn,RMDR,IL1R
1580,1,syn,RMDR,IL2L
1581,1,syn,RMDR,URXR
1582,2,syn,RMDR,ADER
1583,1,syn,RMDR,ALA
1584,6,syn,RMDR,RIAL
1585,8,syn,RMDR,RIAR
1586,4,syn,RMDR,RIS
1587,3,syn,RMDR,RMGL
1588,2,syn,RMDR,RMGR
1589,1,syn,RMDR,URBR
1590,1,syn,RMDR,AVKR
1591,1,syn,RMDR,RIML
1592,1,syn,RMDR,RIMR
1593,3,syn,RMDR,RMDL
1594,3,syn,RMDR,RMFL
1595,1,syn,RMDR,RMHL
1596,1,syn,RMDR,RIVR
1597,4,syn,RMDVL,IL1DL
1598,4,syn,RMDVL,IL1L
1599,1,syn,RMDVL,IL1R
1600,4,syn,RMDVL,OLQVR
1601,1,syn,RMDVL,OLLL
1602,3,syn,RMDVL,CEPDL
1603,6,syn,RMDVL,URYDL
1604,4,syn,RMDVL,URYVR
1605,9,syn,RMDVL,RIAL
1606,12,syn,RMDVL,RIAR
1607,3,syn,RMDVL,RMGL
1608,12,syn,RMDVL,RMDDR
1609,1,syn,RMDVL,URAVR
1610,5,syn,RMDVR,IL1DR
1611,2,syn,RMDVR,IL1L
1612,4,syn,RMDVR,IL1R
1613,4,syn,RMDVR,OLQVL
1614,3,syn,RMDVR,OLLR
1615,2,syn,RMDVR,CEPDR
1616,5,syn,RMDVR,URYDR
1617,2,syn,RMDVR,URYVL
1618,11,syn,RMDVR,RIAL
1619,10,syn,RMDVR,RIAR
1620,5,syn,RMDVR,RMGR
1621,7,syn,RMDVR,RMDDL
1622,1,syn,RMDVR,RIVR
1623,1,syn,RMDVR,URADR
1624,1,syn,RMED,IL2DR
1625,3,syn,RMED,SMBDL
1626,4,syn,RMED,SMBDR
1627,1,syn,RMED,URADR
1628,2,syn,RMEL,IL1R
1629,4,syn,RMEL,IL2DL
1630,2,syn,RMEL,IL2DR
1631,2,syn,RMEL,IL2R
1632,2,syn,RMEL,IL2VL
1633,3,syn,RMEL,IL2VR
1634,2,syn,RMEL,OLLL
1635,1,syn,RMEL,URADL
1636,1,syn,RMEL,URAVL
1637,1,syn,RMER,IL1L
1638,1,syn,RMER,IL1VR
1639,3,syn,RMER,IL2DL
1640,2,syn,RMER,IL2DR
1641,2,syn,RMER,IL2L
1642,4,syn,RMER,IL2VL
1643,2,syn,RMER,IL2VR
1644,1,syn,RMER,OLQVR
1645,2,syn,RMER,OLLR
1646,2,syn,RMER,RIH
1647,1,syn,RMER,RMDL
1648,1,syn,RMER,RMHR
1649,1,syn,RMER,URADR
1650,1,syn,RMER,URAVL
1651,2,syn,RMER,URAVR
1652,1,syn,RMEV,IL2DR
1653,2,syn,RMEV,IL2L
1654,1,syn,RMEV,IL2R
1655,1,syn,RMEV,IL2VL
1656,3,syn,RMEV,IL2VR
1657,1,syn,RMEV,RIH
1658,1,syn,RMEV,PVT
1659,1,syn,RMEV,RIVR
1660,5,syn,RMEV,SMBVL
1661,3,syn,RMEV,SMBVR
1662,2,syn,RMEV,URAVL
1663,2,syn,RMEV,URAVR
1664,1,syn,RMFL,RIGL
1665,1,syn,RMFL,SDQL
1666,1,syn,RMFL,AVKR
1667,2,syn,RMFL,DVC
1668,2,syn,RMFL,PVT
1669,1,syn,RMFL,SAADR
1670,1,syn,RMFL,RIMR
1671,1,syn,RMFL,RMDL
1672,2,syn,RMFL,VB01
1673,1,syn,RMFR,RICL
1674,1,syn,RMFR,AVKL
1675,4,syn,RMFR,DVC
1676,3,syn,RMFR,PVT
1677,2,syn,RMFR,SAAVL
1678,1,syn,RMFR,RIML
1679,1,syn,RMFR,RIMR
1680,1,syn,RMHL,IL1R
1681,4,syn,RMHL,CEPDR
1682,1,syn,RMHL,CEPVL
1683,1,syn,RMHL,ADEL
1684,4,syn,RMHL,RIGR
1685,2,syn,RMHL,SDQR
1686,1,syn,RMHR,OLQDR
1687,4,syn,RMHR,CEPDL
1688,1,syn,RMHR,CEPDR
1689,2,syn,RMHR,CEPVR
1690,1,syn,RMHR,ALNR
1691,3,syn,RMHR,RIGL
1692,1,syn,RMHR,RMGL
1693,1,syn,RMHR,SDQR
1694,1,syn,RIVL,CEPVR
1695,1,syn,RIVL,ADEL
1696,2,syn,RIVL,RIAL
1697,1,syn,RIVL,RIAR
1698,1,syn,RIVL,SMDVL
1699,1,syn,RIVR,ADEL
1700,1,syn,RIVR,ADAR
1701,4,syn,RIVR,RIAL
1702,1,syn,RIVR,RICL
1703,1,syn,RIVR,SMDVR
1704,1,syn,SMBDL,AWBL
1705,2,syn,SMBDL,ALNR
1706,9,syn,SMBDL,AIZL
1707,2,syn,SMBDL,RICL
1708,1,syn,SMBDL,URBR
1709,1,syn,SMBDL,AVHR
1710,1,syn,SMBDL,AVKR
1711,3,syn,SMBDL,DVA
1712,1,syn,SMBDR,ADFR
1713,1,syn,SMBDR,CEPDL
1714,1,syn,SMBDR,CEPDR
1715,2,syn,SMBDR,ALNL
1716,1,syn,SMBDR,ADEL
1717,5,syn,SMBDR,AIZR
1718,1,syn,SMBDR,RICR
1719,1,syn,SMBDR,URBL
1720,1,syn,SMBDR,AVHL
1721,2,syn,SMBDR,DVA
1722,1,syn,SMBDR,PVT
1723,2,syn,SMBVL,ADFL
1724,6,syn,SMBVL,PLNL
1725,7,syn,SMBVL,AIZL
1726,1,syn,SMBVL,AIML
1727,2,syn,SMBVL,RMGL
1728,1,syn,SMBVL,AVHR
1729,3,syn,SMBVL,DVA
1730,2,syn,SMBVR,ADFR
1731,1,syn,SMBVR,AWBR
1732,6,syn,SMBVR,PLNR
1733,3,syn,SMBVR,AIZR
1734,2,syn,SMBVR,AVHL
1735,2,syn,SMBVR,DVA
1736,3,syn,SMDDL,OLLL
1737,1,syn,SMDDL,URYDL
1738,4,syn,SMDDL,URYDR
1739,3,syn,SMDDL,AIBR
1740,8,syn,SMDDL,RIAL
1741,7,syn,SMDDL,RIAR
1742,1,syn,SMDDL,RIBR
1743,3,syn,SMDDL,RICL
1744,4,syn,SMDDL,RICR
1745,1,syn,SMDDL,AVKR
1746,6,syn,SMDDL,SAAVR
1747,2,syn,SMDDL,RIMR
1748,2,syn,SMDDL,RIVR
1749,2,syn,SMDDL,SMDVR
1750,4,syn,SMDDR,OLLL
1751,1,syn,SMDDR,OLLR
1752,1,syn,SMDDR,ALNR
1753,2,syn,SMDDR,URYDL
1754,4,syn,SMDDR,AIBL
1755,1,syn,SMDDR,AIZR
1756,10,syn,SMDDR,RIAL
1757,7,syn,SMDDR,RIAR
1758,3,syn,SMDDR,RICL
1759,3,syn,SMDDR,RICR
1760,2,syn,SMDDR,RIS
1761,1,syn,SMDDR,AVKL
1762,2,syn,SMDDR,AVKR
1763,8,syn,SMDDR,SAAVL
1764,5,syn,SMDDR,RIML
1765,4,syn,SMDDR,RIMR
1766,1,syn,SMDDR,RMEV
1767,1,syn,SMDDR,RIVL
1768,4,syn,SMDDR,SMDVL
1769,4,syn,SMDVL,OLLR
1770,1,syn,SMDVL,ALNL
1771,1,syn,SMDVL,ALNR
1772,3,syn,SMDVL,URYVR
1773,1,syn,SMDVL,AIBR
1774,2,syn,SMDVL,ADAR
1775,6,syn,SMDVL,RIAL
1776,13,syn,SMDVL,RIAR
1777,2,syn,SMDVL,RICR
1778,1,syn,SMDVL,RIML
1779,4,syn,SMDVR,OLLL
1780,3,syn,SMDVR,OLLR
1781,4,syn,SMDVR,URYVL
1782,2,syn,SMDVR,ADAL
1783,11,syn,SMDVR,RIAL
1784,7,syn,SMDVR,RIAR
1785,2,syn,SMDVR,RIBL
1786,1,syn,SMDVR,RICL
1787,1,syn,SMDVR,RICR
1788,1,syn,SMDVR,RIS
1789,2,syn,SMDVR,RIVR
1790,2,syn,SMDVR,SMDDL
1791,3,syn,URADL,IL2DL
1792,2,syn,URADL,CEPDL
1793,1,syn,URADL,BDUL
1794,1,syn,URADL,PVR
1795,3,syn,URADR,IL2DR
1796,1,syn,URADR,CEPDR
1797,1,syn,URADR,BDUR
1798,3,syn,URAVL,IL2VL
1799,2,syn,URAVL,CEPVL
1800,4,syn,URAVR,IL2VR
1801,1,syn,URAVR,CEPVR
1802,1,syn,DA01,AVM
1803,2,syn,DA01,AVAL
1804,2,syn,DA01,AVAR
1805,1,syn,DA01,AVDL
1806,2,syn,DA01,AVDR
1807,5,syn,DA01,AVEL
1808,5,syn,DA01,AVER
1809,2,syn,DA01,AS01
1810,1,syn,DA02,AVL
1811,1,syn,DA02,PVCL
1812,2,syn,DA02,AVAL
1813,2,syn,DA02,AVAR
1814,1,syn,DA02,AVDL
1815,1,syn,DA02,AVDR
1816,1,syn,DA02,AVEL
1817,3,syn,DA02,AVER
1818,2,syn,DA02,DD01
1819,6,syn,DA03,AVAL
1820,3,syn,DA03,AVAR
1821,4,syn,DA03,AVDL
1822,2,syn,DA03,AVDR
1823,3,syn,DA03,AVEL
1824,1,syn,DA03,AVER
1825,1,syn,DA03,DA04
1826,5,syn,DA03,DB02
1827,1,syn,DA03,AS03
1828,1,syn,DA03,DD02
1829,7,syn,DA04,AVAL
1830,6,syn,DA04,AVAR
1831,2,syn,DA04,AVDL
1832,2,syn,DA04,AVDR
1833,1,syn,DA04,AVEL
1834,2,syn,DA04,DA03
1835,1,syn,DA05,PVCL
1836,7,syn,DA05,AVAL
1837,2,syn,DA05,AVAR
1838,1,syn,DA05,AVBR
1839,1,syn,DA05,AVDL
1840,2,syn,DA05,AVDR
1841,1,syn,DA05,HSNR
1842,3,syn,DA06,RID
1843,1,syn,DA06,PVCL
1844,11,syn,DA06,AVAL
1845,11,syn,DA06,AVAR
1846,1,syn,DA06,HSNR
1847,2,syn,DA07,AVAL
1848,3,syn,DA07,AVAR
1849,1,syn,DA08,PHAR
1850,1,syn,DA08,PHBR
1851,1,syn,DA08,AVG
1852,4,syn,DA08,DVB
1853,4,syn,DA08,AVAL
1854,8,syn,DA08,AVAR
1855,1,syn,DA08,AVDL
1856,1,syn,DA08,AVDR
1857,3,syn,DA08,VA12
1858,7,syn,DA09,PHCL
1859,2,syn,DA09,PHCR
1860,1,syn,DA09,PVR
1861,1,syn,DA09,PVCR
1862,3,syn,DA09,AVAL
1863,2,syn,DA09,AVAR
1864,1,syn,DA09,AVDR
1865,1,syn,DA09,PDA
1866,5,syn,DA09,VA12
1867,1,syn,PDA,DVB
1868,1,syn,PDA,AS11
1869,1,syn,DB01,AS02
1870,1,syn,DB02,DVA
1871,1,syn,DB02,PVR
1872,3,syn,DB02,PVCL
1873,1,syn,DB02,PVCR
1874,2,syn,DB03,DVA
1875,1,syn,DB03,PVR
1876,4,syn,DB03,PVCL
1877,3,syn,DB03,PVCR
1878,1,syn,DB03,AVAR
1879,1,syn,DB03,AVER
1880,1,syn,DB03,DA03
1881,1,syn,DB03,DA04
1882,1,syn,DB04,DVA
1883,3,syn,DB04,PVCL
1884,4,syn,DB04,PVCR
1885,1,syn,DB04,AVDR
1886,1,syn,DB04,DA05
1887,1,syn,DB04,VC02
1888,1,syn,DB05,DVA
1889,2,syn,DB05,PVCL
1890,1,syn,DB05,PVCR
1891,2,syn,DB05,AVAL
1892,1,syn,DB05,AVAR
1893,2,syn,DB06,DVA
1894,2,syn,DB06,PVCL
1895,2,syn,DB06,PVCR
1896,1,syn,DB06,AVAL
1897,5,syn,DB06,AVAR
1898,2,syn,DB07,DVA
1899,3,syn,DB07,PVCL
1900,1,syn,DB07,PVCR
1901,4,syn,DB07,VA12
1902,1,syn,AS01,PVCL
1903,1,syn,AS01,AVAR
1904,1,syn,AS01,AVBR
1905,1,syn,AS01,AVDL
1906,1,syn,AS01,AVEL
1907,3,syn,AS01,AVER
1908,1,syn,AS01,DB01
1909,1,syn,AS02,RID
1910,1,syn,AS02,PVCR
1911,1,syn,AS02,AVAL
1912,2,syn,AS02,AVAR
1913,2,syn,AS02,AVER
1914,1,syn,AS02,DB01
1915,1,syn,AS03,AVAL
1916,1,syn,AS03,AVAR
1917,1,syn,AS03,AVBL
1918,1,syn,AS03,AVBR
1919,1,syn,AS03,AVER
1920,1,syn,AS03,DB01
1921,1,syn,AS04,AVAL
1922,1,syn,AS04,AVAR
1923,1,syn,AS04,AVBL
1924,1,syn,AS04,AVBR
1925,1,syn,AS04,AVDL
1926,1,syn,AS04,DA03
1927,1,syn,AS04,DB03
1928,3,syn,AS05,AVAL
1929,1,syn,AS05,AVAR
1930,1,syn,AS05,AVBL
1931,1,syn,AS05,AVBR
1932,1,syn,AS05,AVDL
1933,1,syn,AS05,AVDR
1934,1,syn,AS05,DB03
1935,1,syn,AS05,AS04
1936,1,syn,AS05,HSNR
1937,1,syn,AS06,PLMR
1938,1,syn,AS06,PVR
1939,2,syn,AS06,AVAR
1940,1,syn,AS06,AVBL
1941,1,syn,AS06,AVBR
1942,8,syn,AS07,AVAL
1943,3,syn,AS07,AVAR
1944,1,syn,AS07,AVBR
1945,5,syn,AS08,AVAL
1946,6,syn,AS08,AVAR
1947,8,syn,AS09,AVAL
1948,5,syn,AS09,AVAR
1949,1,syn,AS09,AVBL
1950,2,syn,AS10,AVAL
1951,1,syn,AS10,AVAR
1952,1,syn,AS10,AVBL
1953,1,syn,AS10,AVBR
1954,1,syn,AS10,AVDL
1955,1,syn,AS10,AVDR
1956,4,syn,AS11,AVAL
1957,6,syn,AS11,AVAR
1958,2,syn,AS11,AVDL
1959,1,syn,AS11,PDA
1960,2,syn,AS11,VA12
1961,1,syn,PDB,AS11
1962,1,syn,DD01,AVL
1963,2,syn,DD01,PVNL
1964,1,syn,DD01,PVQR
1965,4,syn,DD01,RID
1966,4,syn,DD01,DA01
1967,1,syn,DD01,DA02
1968,10,syn,DD01,DB01
1969,1,syn,DD01,AS02
1970,1,syn,DD01,AS03
1971,9,syn,DD01,VA01
1972,13,syn,DD01,VA02
1973,18,syn,DD01,VA03
1974,1,syn,DD01,VB01
1975,20,syn,DD01,VB02
1976,1,syn,DD01,VD01
1977,1,syn,DD01,VD02
1978,7,syn,DD01,VC01
1979,6,syn,DD01,VC02
1980,2,syn,DD01,VC03
1981,1,syn,DD02,PVPR
1982,4,syn,DD02,RID
1983,1,syn,DD02,DA03
1984,1,syn,DD02,DA04
1985,2,syn,DD02,DB02
1986,4,syn,DD02,DB03
1987,1,syn,DD02,AS05
1988,11,syn,DD02,VA03
1989,21,syn,DD02,VA04
1990,5,syn,DD02,VA05
1991,1,syn,DD02,VB02
1992,37,syn,DD02,VB03
1993,6,syn,DD02,VB04
1994,6,syn,DD02,VC01
1995,4,syn,DD02,VC02
1996,4,syn,DD02,VC03
1997,1,syn,DD03,PVNR
1998,3,syn,DD03,RID
1999,10,syn,DD03,DB03
2000,3,syn,DD03,DB04
2001,13,syn,DD03,VA05
2002,24,syn,DD03,VA06
2003,3,syn,DD03,VA07
2004,16,syn,DD03,VB04
2005,27,syn,DD03,VB05
2006,6,syn,DD03,VC01
2007,9,syn,DD03,VC02
2008,5,syn,DD03,VC03
2009,12,syn,DD04,VA07
2010,21,syn,DD04,VA08
2011,3,syn,DD04,VA09
2012,30,syn,DD04,VB06
2013,2,syn,DD04,VB07
2014,1,syn,DD04,VD08
2015,12,syn,DD04,VC03
2016,1,syn,DD05,PVDL
2017,15,syn,DD05,VA09
2018,30,syn,DD05,VB08
2019,8,syn,DD05,VB09
2020,1,syn,DD05,VD10
2021,2,syn,DD06,AVL
2022,3,syn,DD06,DVB
2023,1,syn,DD06,DA09
2024,1,syn,DD06,PDA
2025,10,syn,DD06,VA11
2026,2,syn,DD06,VA12
2027,9,syn,DD06,VB10
2028,7,syn,DD06,VB11
2029,2,syn,VA01,AVM
2030,5,syn,VA01,AVEL
2031,1,syn,VA01,AVER
2032,3,syn,VA01,VB01
2033,2,syn,VA01,VD01
2034,1,syn,VA02,DVA
2035,1,syn,VA02,AVAL
2036,2,syn,VA02,AVAR
2037,1,syn,VA02,AVBL
2038,1,syn,VA02,AVDR
2039,1,syn,VA02,AVER
2040,1,syn,VA02,SABD
2041,1,syn,VA02,VB02
2042,6,syn,VA02,VD02
2043,2,syn,VA03,AVAL
2044,5,syn,VA03,AVAR
2045,2,syn,VA03,AVDR
2046,3,syn,VA03,AVEL
2047,2,syn,VA03,AVER
2048,2,syn,VA03,VA02
2049,1,syn,VA03,VB01
2050,2,syn,VA03,VD03
2051,2,syn,VA04,AVAL
2052,2,syn,VA04,AVAR
2053,1,syn,VA04,AVBR
2054,1,syn,VA04,AVER
2055,1,syn,VA04,VA03
2056,1,syn,VA04,VB03
2057,3,syn,VA05,AVAL
2058,1,syn,VA05,AVAR
2059,2,syn,VA05,AVDL
2060,1,syn,VA05,AVER
2061,2,syn,VA05,VD05
2062,4,syn,VA06,AVAL
2063,3,syn,VA06,AVAR
2064,1,syn,VA06,AVDR
2065,1,syn,VA06,VD06
2066,1,syn,VA06,HSNR
2067,1,syn,VA07,AVBL
2068,9,syn,VA08,AVAL
2069,12,syn,VA08,AVAR
2070,1,syn,VA08,VB06
2071,4,syn,VA08,VD08
2072,1,syn,VA09,PVDR
2073,1,syn,VA09,PDEL
2074,7,syn,VA09,AVAL
2075,6,syn,VA09,AVAR
2076,1,syn,VA09,AVBR
2077,1,syn,VA09,VA08
2078,9,syn,VA09,VB08
2079,5,syn,VA10,AVAL
2080,4,syn,VA10,AVAR
2081,1,syn,VA10,AVBL
2082,1,syn,VA11,AVG
2083,6,syn,VA11,AVAL
2084,8,syn,VA11,AVAR
2085,1,syn,VA11,AVDR
2086,1,syn,VA11,VA12
2087,1,syn,VA11,VD11
2088,3,syn,VA11,VD12
2089,1,syn,VA12,PHBL
2090,2,syn,VA12,PHBR
2091,2,syn,VA12,PHCL
2092,1,syn,VA12,PHCR
2093,1,syn,VA12,DVA
2094,1,syn,VA12,PVWL
2095,1,syn,VA12,PVWR
2096,2,syn,VA12,AVAL
2097,1,syn,VA12,VB11
2098,2,syn,VA12,VD12
2099,1,syn,VA12,VD13
2100,1,syn,VB01,FLPR
2101,3,syn,VB01,AIBR
2102,1,syn,VB01,AVFL
2103,1,syn,VB01,DVA
2104,2,syn,VB01,VA02
2105,1,syn,VB02,AIZL
2106,1,syn,VB02,AVBL
2107,3,syn,VB02,VD02
2108,2,syn,VB02,VD03
2109,1,syn,VB03,PVCL
2110,2,syn,VB03,VA04
2111,1,syn,VB04,PVCL
2112,3,syn,VB04,PVCR
2113,2,syn,VB04,VD05
2114,1,syn,VB05,PVCL
2115,2,syn,VB05,VA06
2116,2,syn,VB05,VD06
2117,2,syn,VB06,PVCL
2118,2,syn,VB06,PVCR
2119,1,syn,VB06,VA08
2120,3,syn,VB07,PVCR
2121,1,syn,VB07,VB06
2122,1,syn,VB08,PVCL
2123,1,syn,VB08,PVCR
2124,1,syn,VB08,DD05
2125,1,syn,VB08,VA08
2126,6,syn,VB08,VA09
2127,1,syn,VB08,VB09
2128,3,syn,VB09,VB08
2129,2,syn,VB09,VD10
2130,2,syn,VB10,PVCL
2131,1,syn,VB10,PVCR
2132,1,syn,VB10,VA11
2133,1,syn,VB10,VD11
2134,1,syn,VB10,VD12
2135,2,syn,VB11,DVA
2136,1,syn,VB11,PVCL
2137,1,syn,VB11,VD12
2138,1,syn,VD01,AVHL
2139,1,syn,VD01,PVQR
2140,17,syn,VD01,DA01
2141,2,syn,VD01,DA02
2142,21,syn,VD01,DB01
2143,5,syn,VD01,AS01
2144,2,syn,VD01,VA01
2145,2,syn,VD01,VA02
2146,3,syn,VD01,VB01
2147,4,syn,VD01,VC01
2148,2,syn,VD01,VC02
2149,1,syn,VD01,VC03
2150,1,syn,VD02,AVEL
2151,1,syn,VD02,DA01
2152,11,syn,VD02,DA02
2153,15,syn,VD02,DB01
2154,10,syn,VD02,AS02
2155,1,syn,VD02,AS03
2156,1,syn,VD02,DD01
2157,8,syn,VD02,VA02
2158,3,syn,VD02,VA03
2159,1,syn,VD02,VB01
2160,9,syn,VD02,VB02
2161,1,syn,VD02,VC01
2162,2,syn,VD02,VC02
2163,1,syn,VD02,VC03
2164,1,syn,VD03,AVBR
2165,1,syn,VD03,AVEL
2166,5,syn,VD03,DA02
2167,25,syn,VD03,DA03
2168,1,syn,VD03,DB01
2169,23,syn,VD03,DB02
2170,15,syn,VD03,AS03
2171,1,syn,VD03,DD02
2172,3,syn,VD03,VA03
2173,3,syn,VD03,VB02
2174,1,syn,VD03,VC01
2175,1,syn,VD03,VC03
2176,6,syn,VD04,DA03
2177,12,syn,VD04,DA04
2178,4,syn,VD04,DA06
2179,14,syn,VD04,DB02
2180,9,syn,VD04,DB03
2181,11,syn,VD04,AS04
2182,1,syn,VD04,DD02
2183,3,syn,VD04,VA04
2184,2,syn,VD04,HSNR
2185,2,syn,VD04,VC01
2186,5,syn,VD04,VC02
2187,2,syn,VD04,VC03
2188,2,syn,VD05,RID
2189,15,syn,VD05,DA04
2190,1,syn,VD05,DA05
2191,3,syn,VD05,DA06
2192,1,syn,VD05,DB02
2193,26,syn,VD05,DB03
2194,9,syn,VD05,AS05
2195,2,syn,VD05,VA05
2196,1,syn,VD05,VA06
2197,5,syn,VD05,VC01
2198,5,syn,VD05,VC02
2199,4,syn,VD05,VC03
2200,1,syn,VD06,PVNR
2201,16,syn,VD06,DA05
2202,3,syn,VD06,DA06
2203,7,syn,VD06,DB03
2204,13,syn,VD06,DB04
2205,13,syn,VD06,AS06
2206,2,syn,VD06,VA06
2207,7,syn,VD06,VB05
2208,1,syn,VD06,VB06
2209,1,syn,VD06,VC01
2210,1,syn,VD06,VC02
2211,4,syn,VD06,VC03
2212,1,syn,VD07,PVNR
2213,9,syn,VD07,VA07
2214,5,syn,VD07,VA08
2215,8,syn,VD07,VB06
2216,5,syn,VD07,VC03
2217,5,syn,VD08,VA08
2218,1,syn,VD09,DD05
2219,10,syn,VD09,VA09
2220,10,syn,VD09,VB08
2221,1,syn,VD10,PVDL
2222,1,syn,VD10,VB08
2223,5,syn,VD10,VB09
2224,1,syn,VD11,PDEL
2225,1,syn,VD11,AVFR
2226,1,syn,VD11,VB10
2227,4,syn,VD12,AVL
2228,1,syn,VD12,PVNR
2229,4,syn,VD12,VA11
2230,3,syn,VD12,VA12
2231,2,syn,VD12,VB10
2232,1,syn,VD13,RID
2233,2,syn,VD13,AVAR
2234,1,syn,VD13,DA09
2235,3,syn,VD13,PDA
2236,2,syn,VD13,DB07
2237,2,syn,VD13,AS11
2238,4,syn,VD13,PDB
2239,11,syn,VD13,VA12
2240,1,syn,HSNL,ASJL
2241,1,syn,HSNL,PLML
2242,1,syn,HSNL,AIAL
2243,1,syn,HSNL,AIYR
2244,1,syn,HSNL,AIMR
2245,1,syn,HSNL,BDUL
2246,1,syn,HSNL,RIR
2247,1,syn,HSNL,AVFL
2248,2,syn,HSNL,PVQL
2249,1,syn,HSNL,HSNR
2250,1,syn,HSNL,VC05
2251,1,syn,HSNR,ASHR
2252,1,syn,HSNR,ASJL
2253,1,syn,HSNR,ASJR
2254,1,syn,HSNR,PLMR
2255,1,syn,HSNR,AIYL
2256,2,syn,HSNR,AIMR
2257,4,syn,HSNR,BDUR
2258,1,syn,HSNR,RIFR
2259,1,syn,HSNR,AVFR
2260,1,syn,HSNR,AVJL
2261,1,syn,HSNR,AVL
2262,1,syn,HSNR,PVNR
2263,1,syn,HSNR,PVQR
2264,1,syn,HSNR,AVBR
2265,3,syn,HSNR,HSNL
2266,1,syn,HSNR,VC03
2267,4,syn,VC01,VC02
2268,2,syn,VC01,VC03
2269,1,syn,VC01,VC04
2270,2,syn,VC02,PVNR
2271,1,syn,VC02,VB02
2272,3,syn,VC02,HSNR
2273,3,syn,VC02,VC01
2274,1,syn,VC02,VC03
2275,1,syn,VC03,PVNR
2276,1,syn,VC03,AVBL
2277,1,syn,VC03,HSNR
2278,1,syn,VC03,VC01
2279,4,syn,VC03,VC02
2280,4,syn,VC03,VC04
2281,1,syn,VC03,VC05
2282,1,syn,VC04,VC05
2283,3,syn,VC05,HSNL
2284,1,syn,VC05,VC04
2285,1,gap,I1L,I1R
2286,1,gap,I1L,I2L
2287,1,gap,I1L,I2R
2288,1,gap,I1L,I5
2289,1,gap,I1L,MI
2290,1,gap,I1L,RIPL
2291,1,gap,I1L,RIPR
2292,1,gap,I2L,I1R
2293,1,gap,I2L,I1L
2294,1,gap,I2L,M1
2295,1,gap,I2R,I1R
2296,1,gap,I2R,I1L
2297,1,gap,I2R,M1
2298,1,gap,ADEL,AINL
2299,1,gap,ADEL,AVKR
2300,1,gap,I5,I1R
2301,1,gap,I5,MI
2302,1,gap,I5,I1L
2303,1,gap,I5,M5
2304,1,gap,ADER,AVKL
2305,1,gap,MI,I1R
2306,1,gap,MI,I5
2307,1,gap,MI,I1L
2308,1,gap,MI,M1
2309,1,gap,MI,M2L
2310,1,gap,MI,M2R
2311,1,gap,MI,I3
2312,1,gap,MI,I4
2313,1,gap,MI,MCL
2314,1,gap,MI,MCR
2315,1,gap,MI,M3L
2316,1,gap,MI,M3R
2317,1,gap,ADFL,ADAL
2318,1,gap,ADFR,ADAR
2319,1,gap,ADFR,AIAR
2320,1,gap,ASHL,ADAL
2321,1,gap,ASHL,AIZL
2322,1,gap,ASHL,ASHR
2323,1,gap,ASHL,RMGL
2324,2,gap,ASHL,RICL
2325,1,gap,ADLL,ADLR
2326,1,gap,ADLL,AVDR
2327,1,gap,ADLL,OLQVL
2328,1,gap,ADLL,RMGL
2329,1,gap,ADLR,ADLL
2330,1,gap,I1R,I2L
2331,1,gap,I1R,I2R
2332,1,gap,I1R,I5
2333,1,gap,I1R,MI
2334,1,gap,I1R,RIPL
2335,1,gap,I1R,RIPR
2336,1,gap,I1R,I1L
2337,1,gap,AFDL,AFDR
2338,1,gap,AFDL,AIBL
2339,1,gap,M1,I2L
2340,1,gap,M1,I2R
2341,1,gap,M1,MI
2342,1,gap,M1,I3
2343,1,gap,M1,I4
2344,1,gap,AFDR,AFDL
2345,1,gap,AFDR,AIBR
2346,1,gap,AIAL,AIAR
2347,2,gap,AIAL,ASIL
2348,1,gap,AIAL,AWAL
2349,1,gap,ASHR,ADAR
2350,1,gap,ASHR,AIZR
2351,1,gap,ASHR,ASHL
2352,1,gap,ASHR,ASKR
2353,2,gap,ASHR,RICR
2354,1,gap,ASHR,RMGR
2355,1,gap,AIAR,ADFR
2356,1,gap,AIAR,AIAL
2357,2,gap,AIAR,ASIR
2358,1,gap,AIAR,AWAR
2359,1,gap,AIBL,AFDL
2360,1,gap,AIBL,DVC
2361,3,gap,AIBL,RIGR
2362,1,gap,AIBL,PVT
2363,1,gap,AIBL,RIMR
2364,1,gap,AIBL,RIVL
2365,1,gap,AIBR,AFDR
2366,2,gap,AIBR,DVC
2367,3,gap,AIBR,RIGL
2368,1,gap,AIBR,PVT
2369,1,gap,AIBR,RIML
2370,1,gap,AIBR,RIS
2371,1,gap,AIBR,RIVR
2372,1,gap,M5,I5
2373,1,gap,M5,M2L
2374,1,gap,M5,M2R
2375,1,gap,M5,M5
2376,1,gap,M5,M4
2377,1,gap,M5,I6
2378,1,gap,I3,MI
2379,1,gap,I3,M1
2380,1,gap,I3,M2L
2381,1,gap,I3,M2R
2382,1,gap,I4,MI
2383,1,gap,I4,M1
2384,1,gap,ALML,AVM
2385,1,gap,ALML,PVR
2386,1,gap,ALMR,AVM
2387,1,gap,M2L,MI
2388,1,gap,M2L,M2R
2389,1,gap,M2L,M5
2390,1,gap,M2L,M4
2391,1,gap,M2L,I3
2392,1,gap,M2L,MCL
2393,1,gap,M2L,MCR
2394,1,gap,ALNL,SMBDR
2395,1,gap,M2R,MI
2396,1,gap,M2R,M2L
2397,1,gap,M2R,M5
2398,1,gap,M2R,M4
2399,1,gap,M2R,I3
2400,1,gap,M2R,MCL
2401,1,gap,M2R,MCR
2402,1,gap,M2R,M3L
2403,1,gap,M2R,M3R
2404,1,gap,M3L,MI
2405,1,gap,M3L,M2R
2406,1,gap,M3L,MCL
2407,1,gap,M3L,MCR
2408,1,gap,M3L,M3R
2409,1,gap,AQR,AVBL
2410,2,gap,AQR,AVKL
2411,1,gap,AQR,AVKR
2412,2,gap,AQR,RIGL
2413,1,gap,AQR,RIGR
2414,7,gap,AQR,PVPL
2415,9,gap,AQR,PVPR
2416,1,gap,M3R,MI
2417,1,gap,M3R,M2R
2418,1,gap,M3R,MCL
2419,1,gap,M3R,MCR
2420,1,gap,M3R,M3L
2421,1,gap,MCL,MI
2422,1,gap,MCL,M2L
2423,1,gap,MCL,M2R
2424,1,gap,MCL,M3L
2425,1,gap,MCL,M3R
2426,1,gap,MCR,MI
2427,1,gap,MCR,M2L
2428,1,gap,MCR,M2R
2429,1,gap,MCR,M3L
2430,1,gap,MCR,M3R
2431,1,gap,OLQVL,ADLL
2432,1,gap,OLQVL,CEPVL
2433,1,gap,OLQVL,RIBL
2434,1,gap,OLQVL,RIGL
2435,1,gap,OLQVL,URBL
2436,1,gap,OLQVL,RMDDL
2437,1,gap,ASGL,AINR
2438,1,gap,ASGL,AIZL
2439,1,gap,ASGR,AINL
2440,1,gap,ASGR,AIZR
2441,2,gap,ASIL,AIAL
2442,1,gap,ASIL,ASIR
2443,2,gap,ASIR,AIAR
2444,1,gap,ASIR,ASIL
2445,1,gap,ASJL,ASJR
2446,1,gap,ASJR,ASJL
2447,1,gap,AWAL,AIAL
2448,1,gap,AWAL,AWAR
2449,1,gap,ASKL,ASKR
2450,1,gap,ASKL,RMGL
2451,5,gap,ASKL,PVQL
2452,1,gap,ASKR,ASHR
2453,1,gap,ASKR,ASKL
2454,1,gap,ASKR,RMGR
2455,4,gap,ASKR,PVQR
2456,1,gap,AUAL,AINR
2457,1,gap,AUAL,AUAR
2458,1,gap,AUAL,AWBL
2459,1,gap,AUAR,AINL
2460,1,gap,AUAR,AUAL
2461,1,gap,AUAR,AWBR
2462,1,gap,AWAR,AIAR
2463,1,gap,AWAR,AIZR
2464,1,gap,AWAR,AWAL
2465,1,gap,M4,M2L
2466,1,gap,M4,M2R
2467,1,gap,M4,M5
2468,1,gap,M4,M4
2469,1,gap,M4,I6
2470,1,gap,AVM,ALML
2471,1,gap,AVM,ALMR
2472,2,gap,AVM,AVDL
2473,1,gap,AWBL,AUAL
2474,1,gap,AWBL,AWBR
2475,1,gap,AWBL,RMGL
2476,1,gap,AWBR,AUAR
2477,1,gap,AWBR,AWBL
2478,1,gap,AWBR,RICL
2479,1,gap,AWBR,RMGR
2480,1,gap,BAGL,BAGR
2481,1,gap,BAGL,RIGR
2482,1,gap,BAGL,RIR
2483,1,gap,BAGR,BAGL
2484,1,gap,BAGR,RIGL
2485,1,gap,BAGR,RIR
2486,1,gap,CEPDL,OLQDL
2487,1,gap,CEPDL,RIH
2488,2,gap,CEPDR,OLQDR
2489,1,gap,CEPDR,RIH
2490,1,gap,CEPVL,OLQVL
2491,1,gap,CEPVL,RIH
2492,1,gap,CEPVR,OLQVR
2493,1,gap,CEPVR,RIH
2494,1,gap,I6,M5
2495,1,gap,I6,M4
2496,1,gap,FLPL,AVAL
2497,1,gap,FLPL,AVDL
2498,2,gap,FLPL,FLPR
2499,1,gap,FLPL,RIH
2500,1,gap,FLPR,AVDL
2501,1,gap,FLPR,AVDR
2502,2,gap,FLPR,FLPL
2503,1,gap,IL1DL,IL1DR
2504,1,gap,IL1DL,IL1L
2505,1,gap,IL1DL,OLLL
2506,1,gap,IL1DL,RMEV
2507,1,gap,IL1DR,IL1DL
2508,1,gap,IL1DR,IL1R
2509,1,gap,IL1DR,RMEV
2510,1,gap,IL1DR,OLLR
2511,1,gap,IL1VL,IL1VR
2512,1,gap,IL1VL,IL1L
2513,1,gap,IL1VL,RMED
2514,1,gap,IL1VR,IL1VL
2515,1,gap,IL1VR,IL1R
2516,1,gap,IL1VR,IL2R
2517,1,gap,IL1L,IL1DL
2518,1,gap,IL1L,IL1VL
2519,1,gap,IL1R,IL1DR
2520,1,gap,IL1R,IL1VR
2521,1,gap,IL2L,RMGL
2522,1,gap,IL2R,RMGR
2523,1,gap,IL2R,IL1VR
2524,1,gap,IL2R,URXR
2525,1,gap,URYDL,AVAL
2526,1,gap,URYDL,RIGL
2527,1,gap,URYVR,AVAL
2528,1,gap,URYVR,RIGR
2529,1,gap,URYDR,AVAR
2530,1,gap,URYDR,RIGR
2531,1,gap,URYVL,AVAR
2532,1,gap,URYVL,RIGL
2533,1,gap,OLLL,IL1DL
2534,2,gap,OLLL,OLLR
2535,1,gap,OLLL,RIGL
2536,1,gap,OLLR,IL1DR
2537,2,gap,OLLR,OLLL
2538,1,gap,OLLR,RIGR
2539,1,gap,OLQDL,CEPDL
2540,2,gap,OLQDL,RIBL
2541,1,gap,OLQDL,RIGL
2542,1,gap,OLQDL,URBL
2543,1,gap,OLQDL,RMDVL
2544,2,gap,OLQDR,CEPDR
2545,2,gap,OLQDR,RIBR
2546,1,gap,OLQDR,RIGR
2547,1,gap,OLQDR,RIH
2548,1,gap,OLQDR,URBR
2549,1,gap,OLQDR,RMDVR
2550,1,gap,PHBR,AVHL
2551,3,gap,PHBR,PHBL
2552,1,gap,OLQVR,CEPVR
2553,1,gap,OLQVR,RIBR
2554,1,gap,OLQVR,RIGR
2555,1,gap,OLQVR,URBR
2556,1,gap,OLQVR,RMDDR
2557,3,gap,PDEL,PDER
2558,1,gap,PDEL,PVCR
2559,1,gap,PDEL,PVM
2560,3,gap,PDER,PDEL
2561,1,gap,PDER,PVM
2562,1,gap,PDER,VA08
2563,1,gap,PDER,VD09
2564,1,gap,PVM,AVL
2565,1,gap,PVM,PDEL
2566,1,gap,PVM,PDER
2567,2,gap,PHAL,PHAR
2568,2,gap,PHAR,PHAL
2569,3,gap,PHAR,PVPL
2570,3,gap,PHBL,PHBR
2571,1,gap,PHCL,DA09
2572,1,gap,PHCL,PHCR
2573,1,gap,PHCL,PLML
2574,1,gap,PHCL,VA12
2575,1,gap,PHCR,PHCL
2576,1,gap,PHCR,PVCR
2577,1,gap,PHCR,VA12
2578,1,gap,PLML,LUAL
2579,1,gap,PLML,PHCL
2580,1,gap,PLML,PVCL
2581,1,gap,PLMR,LUAR
2582,1,gap,PLMR,PVCR
2583,2,gap,PLMR,PVR
2584,4,gap,PQR,PVPL
2585,1,gap,URXL,RMGL
2586,1,gap,URXR,RMGR
2587,1,gap,URXR,IL2R
2588,1,gap,AIBR,DB01
2589,1,gap,AIYL,AIYR
2590,1,gap,AIYL,RIML
2591,1,gap,AIYR,AIYL
2592,1,gap,AIYR,RIMR
2593,1,gap,AIZL,ASGL
2594,1,gap,AIZL,ASHL
2595,2,gap,AIZL,AIZR
2596,1,gap,AIZR,ASGR
2597,1,gap,AIZR,ASHR
2598,1,gap,AIZR,AWAR
2599,2,gap,AIZR,AIZL
2600,1,gap,ADAL,ADFL
2601,1,gap,ADAL,ASHL
2602,1,gap,ADAL,ADAR
2603,1,gap,ADAL,PVQL
2604,2,gap,ADAL,AVDR
2605,1,gap,ADAR,ADFR
2606,1,gap,ADAR,ASHR
2607,1,gap,ADAR,ADAL
2608,1,gap,ADAR,PVQR
2609,2,gap,ADAR,AVDL
2610,1,gap,AIML,SIBDR
2611,1,gap,AINL,ASGR
2612,1,gap,AINL,AUAR
2613,1,gap,AINL,ADEL
2614,2,gap,AINL,AINR
2615,1,gap,AINR,ASGL
2616,1,gap,AINR,AUAL
2617,2,gap,AINR,AINL
2618,1,gap,ALA,RID
2619,1,gap,RIPL,I1L
2620,1,gap,RIPL,I1R
2621,1,gap,RIPL,RMED
2622,1,gap,RIPR,I1L
2623,1,gap,RIPR,I1R
2624,1,gap,RIPR,RMED
2625,2,gap,RIBL,OLQDL
2626,1,gap,RIBL,OLQVL
2627,1,gap,RIBL,RIBL
2628,3,gap,RIBL,RIBR
2629,1,gap,RIBL,RIGL
2630,1,gap,RIBL,SIADL
2631,1,gap,RIBL,SIAVL
2632,1,gap,RIBL,SIBDL
2633,1,gap,RIBL,SIBVL
2634,1,gap,RIBL,SIBVR
2635,1,gap,RIBL,PVT
2636,1,gap,RIBL,AVBL
2637,1,gap,RIBL,AVBR
2638,1,gap,RIBL,SMBDL
2639,1,gap,RIBL,SMDDL
2640,2,gap,RIBL,SMDVR
2641,2,gap,RIBR,OLQDR
2642,1,gap,RIBR,OLQVR
2643,3,gap,RIBR,RIBL
2644,1,gap,RIBR,RIBR
2645,1,gap,RIBR,RIGR
2646,1,gap,RIBR,SIADR
2647,1,gap,RIBR,SIAVR
2648,1,gap,RIBR,SIBDR
2649,1,gap,RIBR,SIBVR
2650,1,gap,RIBR,PVT
2651,1,gap,RIBR,AVBL
2652,1,gap,RIBR,AVBR
2653,1,gap,RIBR,SMBDR
2654,1,gap,RIBR,SMDDL
2655,1,gap,RIBR,SMDDR
2656,2,gap,RIBR,SMDVL
2657,2,gap,RICL,ASHL
2658,1,gap,RICL,AWBR
2659,1,gap,RICL,AVKL
2660,1,gap,RICL,AVKR
2661,2,gap,RICR,ASHR
2662,1,gap,RICR,AVKL
2663,1,gap,RIFL,AVG
2664,1,gap,RIFL,VD01
2665,1,gap,RIFR,AVG
2666,1,gap,RIGL,OLQDL
2667,1,gap,RIGL,OLQVL
2668,1,gap,RIGL,OLLL
2669,1,gap,RIGL,BAGR
2670,1,gap,RIGL,URYDL
2671,1,gap,RIGL,URYVL
2672,2,gap,RIGL,AQR
2673,3,gap,RIGL,AIBR
2674,1,gap,RIGL,RIBL
2675,3,gap,RIGL,RIGR
2676,1,gap,RIGL,AVKL
2677,1,gap,RIGL,RMEL
2678,1,gap,RIGL,VB02
2679,2,gap,RIGL,VD01
2680,1,gap,RIGR,OLQDR
2681,1,gap,RIGR,OLQVR
2682,1,gap,RIGR,OLLR
2683,1,gap,RIGR,BAGL
2684,1,gap,RIGR,URYDR
2685,1,gap,RIGR,URYVR
2686,1,gap,RIGR,AQR
2687,3,gap,RIGR,AIBL
2688,1,gap,RIGR,RIBR
2689,3,gap,RIGR,RIGL
2690,1,gap,RIGR,AVKR
2691,1,gap,RIH,OLQDR
2692,1,gap,RIH,CEPDL
2693,1,gap,RIH,CEPDR
2694,1,gap,RIH,CEPVL
2695,1,gap,RIH,CEPVR
2696,1,gap,RIH,FLPL
2697,1,gap,RIR,BAGL
2698,1,gap,RIR,BAGR
2699,1,gap,RIS,AIBR
2700,1,gap,RIS,AVJL
2701,1,gap,RIS,RIML
2702,1,gap,RIS,RIMR
2703,1,gap,RIS,SMDDL
2704,1,gap,RIS,SMDDR
2705,1,gap,RIS,SMDVL
2706,1,gap,RIS,DB01
2707,1,gap,RMGL,ADLL
2708,1,gap,RMGL,ASHL
2709,1,gap,RMGL,ASKL
2710,1,gap,RMGL,AWBL
2711,1,gap,RMGL,IL2L
2712,1,gap,RMGL,URXL
2713,3,gap,RMGL,RMHL
2714,1,gap,RMGR,ASHR
2715,1,gap,RMGR,ASKR
2716,1,gap,RMGR,AWBR
2717,1,gap,RMGR,IL2R
2718,1,gap,RMGR,URXR
2719,1,gap,RMGR,RMHR
2720,1,gap,SDQL,SDQR
2721,1,gap,SDQR,SDQL
2722,1,gap,SDQR,SIBVL
2723,1,gap,SDQR,AVAL
2724,1,gap,SDQR,AVBL
2725,2,gap,SDQR,RIVL
2726,2,gap,SDQR,RIVR
2727,1,gap,SIADL,RIBL
2728,1,gap,SIADR,RIBR
2729,1,gap,SIAVL,RIBL
2730,1,gap,SIAVR,RIBR
2731,1,gap,SIBDL,RIBL
2732,1,gap,SIBDL,SIBVL
2733,1,gap,SIBDR,AIML
2734,1,gap,SIBDR,RIBR
2735,1,gap,SIBDR,SIBVR
2736,1,gap,SIBVL,RIBL
2737,1,gap,SIBVL,SDQR
2738,1,gap,SIBVL,SIBDL
2739,1,gap,SIBVL,AVBL
2740,1,gap,SIBVL,AVBR
2741,1,gap,SIBVR,RIBL
2742,1,gap,SIBVR,RIBR
2743,1,gap,SIBVR,SIBDR
2744,1,gap,SIBVR,RMHL
2745,1,gap,URBL,OLQDL
2746,1,gap,URBL,OLQVL
2747,1,gap,URBR,OLQDR
2748,1,gap,URBR,OLQVR
2749,1,gap,URBR,RMFL
2750,23,gap,AVFL,AVFR
2751,2,gap,AVFL,AVHL
2752,3,gap,AVFL,AVHR
2753,1,gap,AVFL,PVQR
2754,23,gap,AVFR,AVFL
2755,2,gap,AVFR,AVHL
2756,1,gap,AVFR,AVHR
2757,1,gap,AVFR,VC04
2758,1,gap,AVG,RIFL
2759,1,gap,AVG,RIFR
2760,1,gap,AVHL,PHBR
2761,2,gap,AVHL,AVFL
2762,2,gap,AVHL,AVFR
2763,1,gap,AVHL,AVHR
2764,3,gap,AVHR,AVFL
2765,1,gap,AVHR,AVFR
2766,1,gap,AVHR,AVHL
2767,1,gap,AVJL,RIS
2768,4,gap,AVJL,AVJR
2769,1,gap,AVJL,PVCL
2770,3,gap,AVJL,PVCR
2771,2,gap,AVJL,AVAL
2772,2,gap,AVJL,AVDR
2773,4,gap,AVJR,AVJL
2774,1,gap,AVJR,PVCL
2775,2,gap,AVKL,AQR
2776,1,gap,AVKL,ADER
2777,1,gap,AVKL,RICL
2778,1,gap,AVKL,RICR
2779,1,gap,AVKL,RIGL
2780,2,gap,AVKL,AVKR
2781,1,gap,AVKL,PVPL
2782,1,gap,AVKL,PVPR
2783,2,gap,AVKL,PVT
2784,1,gap,AVKL,SMBDL
2785,1,gap,AVKL,SMBDR
2786,1,gap,AVKL,SMBVR
2787,4,gap,AVKL,VB01
2788,1,gap,AVKL,VB10
2789,1,gap,AVKR,AQR
2790,1,gap,AVKR,ADEL
2791,1,gap,AVKR,RICL
2792,1,gap,AVKR,RIGR
2793,2,gap,AVKR,AVKL
2794,6,gap,AVKR,PVPL
2795,1,gap,AVKR,SMBDL
2796,2,gap,AVKR,SMBDR
2797,1,gap,AVKR,SMBVR
2798,1,gap,AVL,PVM
2799,1,gap,AVL,DVB
2800,9,gap,AVL,DVC
2801,2,gap,DVA,PVR
2802,1,gap,DVA,PVCL
2803,1,gap,DVA,AVBL
2804,1,gap,DVA,AVBR
2805,1,gap,DVA,DB01
2806,1,gap,DVB,AVL
2807,7,gap,DVB,AS09
2808,1,gap,DVB,VA09
2809,1,gap,DVB,VB09
2810,1,gap,DVC,AIBL
2811,2,gap,DVC,AIBR
2812,9,gap,DVC,AVL
2813,2,gap,DVC,PVPL
2814,13,gap,DVC,PVPR
2815,1,gap,DVC,VA09
2816,5,gap,DVC,VD01
2817,4,gap,DVC,VD10
2818,1,gap,PVNL,PVQR
2819,2,gap,PVNL,AVBR
2820,1,gap,PVNR,HSNR
2821,7,gap,PVPL,AQR
2822,4,gap,PVPL,PQR
2823,3,gap,PVPL,PHAR
2824,1,gap,PVPL,AVKL
2825,6,gap,PVPL,AVKR
2826,2,gap,PVPL,DVC
2827,1,gap,PVPL,PVPR
2828,1,gap,PVPL,PVT
2829,1,gap,PVPL,AVAL
2830,1,gap,PVPL,VD03
2831,2,gap,PVPL,VD13
2832,9,gap,PVPR,AQR
2833,1,gap,PVPR,AVKL
2834,13,gap,PVPR,DVC
2835,1,gap,PVPR,PVPL
2836,1,gap,PVPR,VD04
2837,1,gap,PVPR,VD05
2838,5,gap,PVQL,ASKL
2839,1,gap,PVQL,ADAL
2840,2,gap,PVQL,PVQR
2841,4,gap,PVQR,ASKR
2842,1,gap,PVQR,ADAR
2843,1,gap,PVQR,AVFL
2844,1,gap,PVQR,PVNL
2845,2,gap,PVQR,PVQL
2846,1,gap,PVR,ALML
2847,2,gap,PVR,PLMR
2848,2,gap,PVR,DVA
2849,1,gap,PVR,LUAL
2850,1,gap,PVR,LUAR
2851,1,gap,PVT,AIBL
2852,1,gap,PVT,AIBR
2853,1,gap,PVT,RIBL
2854,1,gap,PVT,RIBR
2855,2,gap,PVT,AVKL
2856,1,gap,PVT,PVPL
2857,2,gap,PVWL,PVCR
2858,1,gap,PVWR,PVCR
2859,1,gap,RID,ALA
2860,1,gap,RID,AVBL
2861,2,gap,RID,AVBR
2862,1,gap,RID,DA09
2863,1,gap,RID,DB01
2864,2,gap,RID,PDB
2865,1,gap,PVCL,PLML
2866,1,gap,PVCL,AVJL
2867,1,gap,PVCL,AVJR
2868,1,gap,PVCL,DVA
2869,5,gap,PVCL,PVCR
2870,2,gap,PVCL,AVAL
2871,2,gap,PVCL,VB09
2872,1,gap,PVCL,VB10
2873,1,gap,PVCR,PLMR
2874,1,gap,PVCR,PDEL
2875,1,gap,PVCR,PHCR
2876,3,gap,PVCR,AVJL
2877,2,gap,PVCR,PVWL
2878,1,gap,PVCR,PVWR
2879,5,gap,PVCR,PVCL
2880,5,gap,PVCR,AVAL
2881,3,gap,PVCR,AVAR
2882,2,gap,PVCR,VA08
2883,1,gap,PVCR,VA09
2884,1,gap,AVAL,FLPL
2885,1,gap,AVAL,URYDL
2886,1,gap,AVAL,URYVR
2887,1,gap,AVAL,SDQR
2888,2,gap,AVAL,AVJL
2889,1,gap,AVAL,PVPL
2890,2,gap,AVAL,PVCL
2891,5,gap,AVAL,PVCR
2892,5,gap,AVAL,AVAR
2893,1,gap,AVAL,LUAL
2894,4,gap,AVAL,SABD
2895,1,gap,AVAL,SABVR
2896,3,gap,AVAL,RIMR
2897,2,gap,AVAL,DA01
2898,2,gap,AVAL,DA02
2899,3,gap,AVAL,DA04
2900,1,gap,AVAL,DA05
2901,10,gap,AVAL,DA06
2902,2,gap,AVAL,DA07
2903,3,gap,AVAL,DB06
2904,3,gap,AVAL,AS01
2905,2,gap,AVAL,AS03
2906,1,gap,AVAL,AS05
2907,1,gap,AVAL,AS06
2908,6,gap,AVAL,AS07
2909,4,gap,AVAL,AS08
2910,4,gap,AVAL,AS09
2911,1,gap,AVAL,AS10
2912,3,gap,AVAL,VA01
2913,4,gap,AVAL,VA02
2914,1,gap,AVAL,VA03
2915,1,gap,AVAL,VA04
2916,5,gap,AVAL,VA05
2917,6,gap,AVAL,VA06
2918,2,gap,AVAL,VA07
2919,10,gap,AVAL,VA08
2920,1,gap,AVAL,VA09
2921,1,gap,AVAL,VA10
2922,1,gap,AVAL,VA11
2923,5,gap,AVAL,VB09
2924,1,gap,AVAR,URYDR
2925,1,gap,AVAR,URYVL
2926,3,gap,AVAR,PVCR
2927,5,gap,AVAR,AVAL
2928,3,gap,AVAR,SABVL
2929,1,gap,AVAR,SABVR
2930,2,gap,AVAR,RIML
2931,1,gap,AVAR,RIMR
2932,6,gap,AVAR,DA01
2933,2,gap,AVAR,DA02
2934,2,gap,AVAR,DA03
2935,2,gap,AVAR,DA04
2936,5,gap,AVAR,DA05
2937,2,gap,AVAR,DA06
2938,1,gap,AVAR,DA08
2939,2,gap,AVAR,DB05
2940,2,gap,AVAR,AS01
2941,1,gap,AVAR,AS03
2942,1,gap,AVAR,AS05
2943,1,gap,AVAR,AS06
2944,5,gap,AVAR,AS07
2945,3,gap,AVAR,AS08
2946,1,gap,AVAR,AS09
2947,1,gap,AVAR,AS10
2948,2,gap,AVAR,VA03
2949,3,gap,AVAR,VA04
2950,3,gap,AVAR,VA05
2951,2,gap,AVAR,VA06
2952,4,gap,AVAR,VA07
2953,4,gap,AVAR,VA08
2954,1,gap,AVAR,VA10
2955,7,gap,AVAR,VA11
2956,1,gap,AVAR,VA12
2957,4,gap,AVAR,VB09
2958,1,gap,AVBL,AQR
2959,1,gap,AVBL,RIBL
2960,1,gap,AVBL,RIBR
2961,1,gap,AVBL,SDQR
2962,1,gap,AVBL,SIBVL
2963,1,gap,AVBL,DVA
2964,1,gap,AVBL,RID
2965,3,gap,AVBL,AVBR
2966,1,gap,AVBL,DB03
2967,1,gap,AVBL,DB04
2968,1,gap,AVBL,DB05
2969,2,gap,AVBL,DB06
2970,2,gap,AVBL,DB07
2971,2,gap,AVBL,AS07
2972,1,gap,AVBL,VB01
2973,3,gap,AVBL,VB02
2974,1,gap,AVBL,VB04
2975,1,gap,AVBL,VB05
2976,1,gap,AVBL,VB06
2977,2,gap,AVBL,VB07
2978,7,gap,AVBL,VB08
2979,1,gap,AVBL,VB09
2980,2,gap,AVBL,VB10
2981,2,gap,AVBL,VB11
2982,1,gap,AVBR,RIBL
2983,1,gap,AVBR,RIBR
2984,1,gap,AVBR,SIBVL
2985,1,gap,AVBR,DVA
2986,2,gap,AVBR,PVNL
2987,2,gap,AVBR,RID
2988,3,gap,AVBR,AVBL
2989,3,gap,AVBR,DB01
2990,1,gap,AVBR,DB02
2991,1,gap,AVBR,DB03
2992,1,gap,AVBR,DB04
2993,1,gap,AVBR,DB05
2994,1,gap,AVBR,DB06
2995,1,gap,AVBR,DB07
2996,1,gap,AVBR,AS06
2997,2,gap,AVBR,AS07
2998,1,gap,AVBR,DD01
2999,1,gap,AVBR,VA08
3000,1,gap,AVBR,VA09
3001,1,gap,AVBR,VB02
3002,1,gap,AVBR,VB03
3003,1,gap,AVBR,VB04
3004,2,gap,AVBR,VB06
3005,2,gap,AVBR,VB07
3006,3,gap,AVBR,VB08
3007,6,gap,AVBR,VB09
3008,1,gap,AVBR,VB10
3009,1,gap,AVBR,VB11
3010,1,gap,AVBR,VD10
3011,2,gap,AVDL,AVM
3012,1,gap,AVDL,FLPL
3013,1,gap,AVDL,FLPR
3014,2,gap,AVDL,ADAR
3015,1,gap,AVDR,ADLL
3016,1,gap,AVDR,FLPR
3017,2,gap,AVDR,ADAL
3018,2,gap,AVDR,AVJL
3019,1,gap,AVEL,AVER
3020,2,gap,AVEL,RIML
3021,3,gap,AVEL,RIMR
3022,1,gap,AVEL,RMDVR
3023,1,gap,AVEL,RMEV
3024,1,gap,AVER,AVEL
3025,3,gap,AVER,RIML
3026,2,gap,AVER,RIMR
3027,1,gap,AVER,RMDVL
3028,1,gap,AVER,RMDVR
3029,1,gap,AVER,RMEV
3030,1,gap,LUAL,PLML
3031,1,gap,LUAL,PVR
3032,1,gap,LUAL,AVAL
3033,1,gap,LUAR,PLMR
3034,1,gap,LUAR,PVR
3035,1,gap,SAADL,SMBDL
3036,1,gap,SAADR,RMDDR
3037,1,gap,SAAVL,RMDVL
3038,3,gap,SAAVL,SMBVR
3039,1,gap,SAAVR,RMDVR
3040,2,gap,SAAVR,SMBVL
3041,4,gap,SABD,AVAL
3042,3,gap,SABD,VA02
3043,2,gap,SABD,VA03
3044,1,gap,SABD,VA04
3045,3,gap,SABVL,AVAR
3046,2,gap,SABVL,DA01
3047,1,gap,SABVL,DA02
3048,1,gap,SABVR,AVAL
3049,1,gap,SABVR,AVAR
3050,3,gap,SABVR,DA01
3051,1,gap,RIML,AIBR
3052,1,gap,RIML,AIYL
3053,1,gap,RIML,RIS
3054,2,gap,RIML,AVAR
3055,2,gap,RIML,AVEL
3056,3,gap,RIML,AVER
3057,1,gap,RIMR,AIBL
3058,1,gap,RIMR,AIYR
3059,1,gap,RIMR,RIS
3060,3,gap,RIMR,AVAL
3061,1,gap,RIMR,AVAR
3062,3,gap,RIMR,AVEL
3063,2,gap,RIMR,AVER
3064,1,gap,RMDDL,OLQVL
3065,1,gap,RMDDL,RMDL
3066,1,gap,RMDDL,RMDVL
3067,1,gap,RMDDL,SMDDL
3068,1,gap,RMDDR,OLQVR
3069,1,gap,RMDDR,SAADR
3070,1,gap,RMDDR,RMDVR
3071,1,gap,RMDDR,SMDDR
3072,1,gap,RMDL,RMDDL
3073,1,gap,RMDL,RMDVL
3074,1,gap,RMDR,RMDVR
3075,1,gap,RMDVL,OLQDL
3076,1,gap,RMDVL,AVER
3077,1,gap,RMDVL,SAAVL
3078,1,gap,RMDVL,RMDDL
3079,1,gap,RMDVL,RMDL
3080,1,gap,RMDVL,RMDVR
3081,1,gap,RMDVL,SMDVL
3082,1,gap,RMDVR,OLQDR
3083,1,gap,RMDVR,AVEL
3084,1,gap,RMDVR,AVER
3085,1,gap,RMDVR,SAAVR
3086,1,gap,RMDVR,RMDDR
3087,1,gap,RMDVR,RMDR
3088,1,gap,RMDVR,RMDVL
3089,1,gap,RMDVR,SMDVR
3090,1,gap,RMED,IL1VL
3091,1,gap,RMED,RIPL
3092,1,gap,RMED,RIPR
3093,2,gap,RMED,RMEV
3094,1,gap,RMEL,RIGL
3095,1,gap,RMEL,RMEV
3096,1,gap,RMER,RMEV
3097,1,gap,RMEV,IL1DL
3098,1,gap,RMEV,IL1DR
3099,1,gap,RMEV,AVEL
3100,1,gap,RMEV,AVER
3101,2,gap,RMEV,RMED
3102,1,gap,RMEV,RMEL
3103,1,gap,RMEV,RMER
3104,1,gap,RMFL,URBR
3105,3,gap,RMHL,RMGL
3106,1,gap,RMHL,SIBVR
3107,1,gap,RMHR,RMGR
3108,1,gap,RIVL,AIBL
3109,2,gap,RIVL,SDQR
3110,2,gap,RIVL,RIVR
3111,1,gap,RIVL,SMDVL
3112,1,gap,RIVR,AIBR
3113,2,gap,RIVR,SDQR
3114,2,gap,RIVR,RIVL
3115,2,gap,RIVR,SMDVR
3116,1,gap,SMBDL,RIBL
3117,1,gap,SMBDL,AVKL
3118,1,gap,SMBDL,AVKR
3119,1,gap,SMBDL,SAADL
3120,1,gap,SMBDR,ALNL
3121,1,gap,SMBDR,RIBR
3122,1,gap,SMBDR,AVKL
3123,2,gap,SMBDR,AVKR
3124,2,gap,SMBVL,SAAVR
3125,1,gap,SMBVR,AVKL
3126,1,gap,SMBVR,AVKR
3127,3,gap,SMBVR,SAAVL
3128,1,gap,SMDDL,RIBL
3129,1,gap,SMDDL,RIBR
3130,1,gap,SMDDL,RIS
3131,1,gap,SMDDL,RMDDL
3132,1,gap,SMDDR,RIBR
3133,1,gap,SMDDR,RIS
3134,1,gap,SMDDR,RMDDR
3135,1,gap,SMDDR,VD01
3136,2,gap,SMDVL,RIBR
3137,1,gap,SMDVL,RIS
3138,1,gap,SMDVL,RMDVL
3139,1,gap,SMDVL,RIVL
3140,1,gap,SMDVL,SMDVR
3141,2,gap,SMDVR,RIBL
3142,1,gap,SMDVR,RMDVR
3143,2,gap,SMDVR,RIVR
3144,1,gap,SMDVR,SMDVL
3145,1,gap,SMDVR,VB01
3146,2,gap,DA01,AVAL
3147,6,gap,DA01,AVAR
3148,2,gap,DA01,SABVL
3149,3,gap,DA01,SABVR
3150,1,gap,DA01,DA04
3151,2,gap,DA02,AVAL
3152,2,gap,DA02,AVAR
3153,1,gap,DA02,SABVL
3154,1,gap,DA02,AS02
3155,1,gap,DA02,AS03
3156,2,gap,DA02,VA01
3157,2,gap,DA03,AVAR
3158,1,gap,DA03,AS04
3159,3,gap,DA04,AVAL
3160,2,gap,DA04,AVAR
3161,1,gap,DA04,DA01
3162,1,gap,DA04,DB03
3163,1,gap,DA04,VB06
3164,1,gap,DA05,AVAL
3165,5,gap,DA05,AVAR
3166,2,gap,DA05,AS06
3167,1,gap,DA05,VA04
3168,2,gap,DA05,VA05
3169,10,gap,DA06,AVAL
3170,2,gap,DA06,AVAR
3171,2,gap,DA07,AVAL
3172,1,gap,DA08,AVAR
3173,1,gap,DA08,DA09
3174,1,gap,DA09,PHCL
3175,1,gap,DA09,RID
3176,1,gap,DA09,DA08
3177,1,gap,DA09,PDA
3178,1,gap,PDA,DA09
3179,1,gap,DB01,AIBR
3180,1,gap,DB01,RIS
3181,1,gap,DB01,DVA
3182,1,gap,DB01,RID
3183,3,gap,DB01,AVBR
3184,1,gap,DB01,DB02
3185,1,gap,DB01,DB04
3186,1,gap,DB01,VB03
3187,1,gap,DB01,VB04
3188,1,gap,DB02,AVBR
3189,1,gap,DB02,DB01
3190,6,gap,DB02,DB03
3191,2,gap,DB02,VB01
3192,1,gap,DB03,AVBL
3193,1,gap,DB03,AVBR
3194,1,gap,DB03,DA04
3195,6,gap,DB03,DB02
3196,1,gap,DB03,DB04
3197,1,gap,DB04,AVBL
3198,1,gap,DB04,AVBR
3199,1,gap,DB04,DB01
3200,1,gap,DB04,DB03
3201,1,gap,DB04,VB02
3202,1,gap,DB04,VB04
3203,2,gap,DB05,AVAR
3204,1,gap,DB05,AVBL
3205,1,gap,DB05,AVBR
3206,3,gap,DB06,AVAL
3207,2,gap,DB06,AVBL
3208,1,gap,DB06,AVBR
3209,2,gap,DB07,AVBL
3210,1,gap,DB07,AVBR
3211,3,gap,AS01,AVAL
3212,2,gap,AS01,AVAR
3213,1,gap,AS01,VA03
3214,1,gap,AS01,VD02
3215,1,gap,AS02,DA02
3216,2,gap,AS02,VA04
3217,2,gap,AS03,AVAL
3218,1,gap,AS03,AVAR
3219,1,gap,AS03,DA02
3220,2,gap,AS03,VA05
3221,1,gap,AS04,DA03
3222,1,gap,AS05,AVAL
3223,1,gap,AS05,AVAR
3224,1,gap,AS05,VA07
3225,1,gap,AS06,AVAL
3226,1,gap,AS06,AVAR
3227,1,gap,AS06,AVBR
3228,2,gap,AS06,DA05
3229,1,gap,AS06,VA08
3230,6,gap,AS07,AVAL
3231,5,gap,AS07,AVAR
3232,2,gap,AS07,AVBL
3233,2,gap,AS07,AVBR
3234,4,gap,AS08,AVAL
3235,3,gap,AS08,AVAR
3236,7,gap,AS09,DVB
3237,4,gap,AS09,AVAL
3238,1,gap,AS09,AVAR
3239,1,gap,AS10,AVAL
3240,1,gap,AS10,AVAR
3241,2,gap,AS11,PDB
3242,2,gap,PDB,RID
3243,2,gap,PDB,AS11
3244,1,gap,DD01,AVBR
3245,1,gap,DD01,DD02
3246,4,gap,DD01,VD01
3247,2,gap,DD01,VD02
3248,1,gap,DD02,DD01
3249,2,gap,DD02,DD03
3250,2,gap,DD02,VD04
3251,2,gap,DD03,DD02
3252,1,gap,DD03,DD04
3253,1,gap,DD04,DD03
3254,1,gap,DD04,VD08
3255,1,gap,DD04,VC03
3256,1,gap,DD05,VD10
3257,3,gap,VA01,AVAL
3258,2,gap,VA01,DA02
3259,4,gap,VA02,AVAL
3260,3,gap,VA02,SABD
3261,1,gap,VA02,VD01
3262,3,gap,VA02,VD02
3263,1,gap,VA03,AVAL
3264,2,gap,VA03,AVAR
3265,2,gap,VA03,SABD
3266,1,gap,VA03,AS01
3267,1,gap,VA04,AVAL
3268,3,gap,VA04,AVAR
3269,1,gap,VA04,SABD
3270,1,gap,VA04,DA05
3271,2,gap,VA04,AS02
3272,5,gap,VA05,AVAL
3273,3,gap,VA05,AVAR
3274,2,gap,VA05,DA05
3275,2,gap,VA05,AS03
3276,6,gap,VA06,AVAL
3277,2,gap,VA06,AVAR
3278,2,gap,VA07,AVAL
3279,4,gap,VA07,AVAR
3280,1,gap,VA07,AS05
3281,1,gap,VA07,VB03
3282,1,gap,VA08,PDER
3283,2,gap,VA08,PVCR
3284,10,gap,VA08,AVAL
3285,4,gap,VA08,AVAR
3286,1,gap,VA08,AVBR
3287,1,gap,VA08,AS06
3288,1,gap,VA08,VA08
3289,3,gap,VA08,VB08
3290,3,gap,VA08,VB09
3291,1,gap,VA08,VD08
3292,1,gap,VA09,DVB
3293,1,gap,VA09,DVC
3294,1,gap,VA09,PVCR
3295,1,gap,VA09,AVAL
3296,1,gap,VA09,AVBR
3297,1,gap,VA09,VB08
3298,4,gap,VA09,VB09
3299,1,gap,VA09,VD07
3300,1,gap,VA10,AVAL
3301,1,gap,VA10,AVAR
3302,1,gap,VA11,AVAL
3303,7,gap,VA11,AVAR
3304,1,gap,VA12,PHCL
3305,1,gap,VA12,PHCR
3306,1,gap,VA12,AVAR
3307,1,gap,VA12,VB11
3308,4,gap,VB01,AVKL
3309,1,gap,VB01,AVBL
3310,1,gap,VB01,SMDVR
3311,2,gap,VB01,DB02
3312,4,gap,VB01,VB02
3313,1,gap,VB02,RIGL
3314,3,gap,VB02,AVBL
3315,1,gap,VB02,AVBR
3316,1,gap,VB02,DB04
3317,4,gap,VB02,VB01
3318,1,gap,VB02,VB03
3319,1,gap,VB02,VB05
3320,2,gap,VB02,VB07
3321,1,gap,VB03,AVBR
3322,1,gap,VB03,DB01
3323,1,gap,VB03,VA07
3324,1,gap,VB03,VB02
3325,1,gap,VB04,AVBL
3326,1,gap,VB04,AVBR
3327,1,gap,VB04,DB01
3328,1,gap,VB04,DB04
3329,1,gap,VB04,VB05
3330,1,gap,VB05,AVBL
3331,1,gap,VB05,VB02
3332,1,gap,VB05,VB04
3333,1,gap,VB05,VB06
3334,1,gap,VB06,AVBL
3335,2,gap,VB06,AVBR
3336,1,gap,VB06,DA04
3337,1,gap,VB06,VB05
3338,2,gap,VB07,AVBL
3339,2,gap,VB07,AVBR
3340,2,gap,VB07,VB02
3341,7,gap,VB08,AVBL
3342,3,gap,VB08,AVBR
3343,3,gap,VB08,VA08
3344,1,gap,VB08,VA09
3345,3,gap,VB08,VB09
3346,1,gap,VB09,DVB
3347,2,gap,VB09,PVCL
3348,5,gap,VB09,AVAL
3349,4,gap,VB09,AVAR
3350,1,gap,VB09,AVBL
3351,6,gap,VB09,AVBR
3352,3,gap,VB09,VA08
3353,4,gap,VB09,VA09
3354,3,gap,VB09,VB08
3355,1,gap,VB10,AVKL
3356,1,gap,VB10,PVCL
3357,2,gap,VB10,AVBL
3358,1,gap,VB10,AVBR
3359,2,gap,VB11,AVBL
3360,1,gap,VB11,AVBR
3361,1,gap,VB11,VA12
3362,1,gap,VD01,RIFL
3363,2,gap,VD01,RIGL
3364,5,gap,VD01,DVC
3365,1,gap,VD01,SMDDR
3366,4,gap,VD01,DD01
3367,1,gap,VD01,VA02
3368,7,gap,VD01,VD02
3369,1,gap,VD01,VC01
3370,1,gap,VD02,AS01
3371,2,gap,VD02,DD01
3372,3,gap,VD02,VA02
3373,7,gap,VD02,VD01
3374,2,gap,VD02,VD03
3375,1,gap,VD03,PVPL
3376,2,gap,VD03,VD02
3377,1,gap,VD03,VD04
3378,1,gap,VD04,PVPR
3379,2,gap,VD04,DD02
3380,1,gap,VD04,VD03
3381,1,gap,VD04,VD05
3382,1,gap,VD05,PVPR
3383,1,gap,VD05,VD04
3384,2,gap,VD05,VD06
3385,2,gap,VD06,VD05
3386,1,gap,VD06,VD07
3387,1,gap,VD07,VA09
3388,1,gap,VD07,VD06
3389,1,gap,VD08,DD04
3390,1,gap,VD08,VA08
3391,1,gap,VD09,PDER
3392,5,gap,VD09,VD10
3393,4,gap,VD10,DVC
3394,1,gap,VD10,AVBR
3395,1,gap,VD10,DD05
3396,5,gap,VD10,VD09
3397,2,gap,VD13,PVPL
3398,1,gap,HSNL,HSNR
3399,1,gap,HSNR,PVNR
3400,1,gap,HSNR,HSNL
3401,1,gap,VC01,VD01
3402,6,gap,VC01,VC02
3403,2,gap,VC01,VC03
3404,6,gap,VC02,VC01
3405,2,gap,VC02,VC03
3406,1,gap,VC03,DD04
3407,2,gap,VC03,VC01
3408,2,gap,VC03,VC02
3409,1,gap,VC03,VC04
3410,2,gap,VC03,VC05
3411,1,gap,VC04,AVFR
3412,1,gap,VC04,VC03
3413,1,gap,VC04,VC05
3414,2,gap,VC05,VC03
3415,1,gap,VC05,VC04
